model,feature_idx,feature_id,feature_kind,config_label,index_type,nlist,nprobe,M_hnsw,efSearch,m_pq,top10_in_top100_recall,recall_at_10,recall_at_100,concept_purity,score_gap,spearman_top100,ms_query_mean,ms_query_p50,ms_query_p95,build_time_s,train_time_s,add_time_s,index_size_bytes,index_size_mb
gemma-2-2b,0,10762,lexicon,FlatIP,FlatIP,0,0,0,0,0,1.0,1.0,1.0,0.0,1.1e-05,1.0,6007.636,6003.341,6036.158,165.4,0.0,165.4,92158820397,87889.5
gemma-2-2b,1,6810,lexicon,FlatIP,FlatIP,0,0,0,0,0,1.0,1.0,1.0,0.0,0.0,0.9988,6007.636,6003.341,6036.158,165.4,0.0,165.4,92158820397,87889.5
gemma-2-2b,2,11114,lexicon,FlatIP,FlatIP,0,0,0,0,0,1.0,1.0,1.0,0.8,0.0,1.0,6007.636,6003.341,6036.158,165.4,0.0,165.4,92158820397,87889.5
gemma-2-2b,3,6335,lexicon,FlatIP,FlatIP,0,0,0,0,0,1.0,1.0,1.0,0.0,-4e-06,1.0,6007.636,6003.341,6036.158,165.4,0.0,165.4,92158820397,87889.5
gemma-2-2b,4,13295,lexicon,FlatIP,FlatIP,0,0,0,0,0,1.0,1.0,1.0,0.0,-8e-06,1.0,6007.636,6003.341,6036.158,165.4,0.0,165.4,92158820397,87889.5
gemma-2-2b,5,6745,lexicon,FlatIP,FlatIP,0,0,0,0,0,1.0,1.0,1.0,0.0,-4e-06,1.0,6007.636,6003.341,6036.158,165.4,0.0,165.4,92158820397,87889.5
gemma-2-2b,6,3447,lexicon,FlatIP,FlatIP,0,0,0,0,0,1.0,1.0,1.0,0.0,0.0,1.0,6007.636,6003.341,6036.158,165.4,0.0,165.4,92158820397,87889.5
gemma-2-2b,7,12342,lexicon,FlatIP,FlatIP,0,0,0,0,0,1.0,0.9,0.45,0.0,-1.1e-05,0.7817,6007.636,6003.341,6036.158,165.4,0.0,165.4,92158820397,87889.5
gemma-2-2b,8,6795,lexicon,FlatIP,FlatIP,0,0,0,0,0,1.0,1.0,1.0,0.0,-2e-06,1.0,6007.636,6003.341,6036.158,165.4,0.0,165.4,92158820397,87889.5
gemma-2-2b,9,11221,lexicon,FlatIP,FlatIP,0,0,0,0,0,1.0,1.0,1.0,0.0,-2e-06,1.0,6007.636,6003.341,6036.158,165.4,0.0,165.4,92158820397,87889.5
gemma-2-2b,10,6980,random,FlatIP,FlatIP,0,0,0,0,0,1.0,1.0,1.0,,0.0,1.0,6007.636,6003.341,6036.158,165.4,0.0,165.4,92158820397,87889.5
gemma-2-2b,11,14956,random,FlatIP,FlatIP,0,0,0,0,0,1.0,1.0,1.0,,-2e-06,1.0,6007.636,6003.341,6036.158,165.4,0.0,165.4,92158820397,87889.5
gemma-2-2b,12,13579,random,FlatIP,FlatIP,0,0,0,0,0,1.0,1.0,1.0,,-1e-06,1.0,6007.636,6003.341,6036.158,165.4,0.0,165.4,92158820397,87889.5
gemma-2-2b,13,12106,random,FlatIP,FlatIP,0,0,0,0,0,1.0,1.0,1.0,,1e-06,1.0,6007.636,6003.341,6036.158,165.4,0.0,165.4,92158820397,87889.5
gemma-2-2b,14,5969,random,FlatIP,FlatIP,0,0,0,0,0,1.0,1.0,1.0,,0.0,1.0,6007.636,6003.341,6036.158,165.4,0.0,165.4,92158820397,87889.5
gemma-2-2b,15,13591,random,FlatIP,FlatIP,0,0,0,0,0,1.0,1.0,1.0,,-1e-06,1.0,6007.636,6003.341,6036.158,165.4,0.0,165.4,92158820397,87889.5
gemma-2-2b,16,6360,random,FlatIP,FlatIP,0,0,0,0,0,1.0,1.0,1.0,,0.0,1.0,6007.636,6003.341,6036.158,165.4,0.0,165.4,92158820397,87889.5
gemma-2-2b,17,1418,random,FlatIP,FlatIP,0,0,0,0,0,1.0,1.0,1.0,,0.0,1.0,6007.636,6003.341,6036.158,165.4,0.0,165.4,92158820397,87889.5
gemma-2-2b,18,2606,random,FlatIP,FlatIP,0,0,0,0,0,1.0,1.0,1.0,,4e-06,1.0,6007.636,6003.341,6036.158,165.4,0.0,165.4,92158820397,87889.5
gemma-2-2b,19,7712,random,FlatIP,FlatIP,0,0,0,0,0,1.0,1.0,1.0,,0.0,1.0,6007.636,6003.341,6036.158,165.4,0.0,165.4,92158820397,87889.5
gemma-2-2b,0,10762,lexicon,IVFFlat_nl1024_np1,IVFFlat,1024,1,0,0,0,0.0,0.0,0.11,0.0,-3.715229,1.0,4.611,3.865,11.171,2569.36,517.79,2051.57,92248264843,87974.8
gemma-2-2b,1,6810,lexicon,IVFFlat_nl1024_np1,IVFFlat,1024,1,0,0,0,0.6,0.6,0.35,0.0,-2.225662,0.9997,4.611,3.865,11.171,2569.36,517.79,2051.57,92248264843,87974.8
gemma-2-2b,2,11114,lexicon,IVFFlat_nl1024_np1,IVFFlat,1024,1,0,0,0,0.0,0.0,0.0,0.4,-26.431048,,4.611,3.865,11.171,2569.36,517.79,2051.57,92248264843,87974.8
gemma-2-2b,3,6335,lexicon,IVFFlat_nl1024_np1,IVFFlat,1024,1,0,0,0,0.9,0.9,0.91,0.0,-0.027451,1.0,4.611,3.865,11.171,2569.36,517.79,2051.57,92248264843,87974.8
gemma-2-2b,4,13295,lexicon,IVFFlat_nl1024_np1,IVFFlat,1024,1,0,0,0,0.0,0.0,0.0,0.0,-30.691673,,4.611,3.865,11.171,2569.36,517.79,2051.57,92248264843,87974.8
gemma-2-2b,5,6745,lexicon,IVFFlat_nl1024_np1,IVFFlat,1024,1,0,0,0,0.0,0.0,0.02,0.0,-4.325417,,4.611,3.865,11.171,2569.36,517.79,2051.57,92248264843,87974.8
gemma-2-2b,6,3447,lexicon,IVFFlat_nl1024_np1,IVFFlat,1024,1,0,0,0,0.1,0.1,0.08,0.0,-2.764448,1.0,4.611,3.865,11.171,2569.36,517.79,2051.57,92248264843,87974.8
gemma-2-2b,7,12342,lexicon,IVFFlat_nl1024_np1,IVFFlat,1024,1,0,0,0,0.2,0.1,0.38,0.0,-0.877781,0.6374,4.611,3.865,11.171,2569.36,517.79,2051.57,92248264843,87974.8
gemma-2-2b,8,6795,lexicon,IVFFlat_nl1024_np1,IVFFlat,1024,1,0,0,0,0.0,0.0,0.02,0.0,-5.950195,,4.611,3.865,11.171,2569.36,517.79,2051.57,92248264843,87974.8
gemma-2-2b,9,11221,lexicon,IVFFlat_nl1024_np1,IVFFlat,1024,1,0,0,0,0.0,0.0,0.01,0.0,-3.142673,,4.611,3.865,11.171,2569.36,517.79,2051.57,92248264843,87974.8
gemma-2-2b,10,6980,random,IVFFlat_nl1024_np1,IVFFlat,1024,1,0,0,0,0.0,0.0,0.0,,-33.705842,,4.611,3.865,11.171,2569.36,517.79,2051.57,92248264843,87974.8
gemma-2-2b,11,14956,random,IVFFlat_nl1024_np1,IVFFlat,1024,1,0,0,0,0.0,0.0,0.0,,-13.495738,,4.611,3.865,11.171,2569.36,517.79,2051.57,92248264843,87974.8
gemma-2-2b,12,13579,random,IVFFlat_nl1024_np1,IVFFlat,1024,1,0,0,0,0.0,0.0,0.01,,-2.781746,,4.611,3.865,11.171,2569.36,517.79,2051.57,92248264843,87974.8
gemma-2-2b,13,12106,random,IVFFlat_nl1024_np1,IVFFlat,1024,1,0,0,0,0.0,0.0,0.0,,-8.52944,,4.611,3.865,11.171,2569.36,517.79,2051.57,92248264843,87974.8
gemma-2-2b,14,5969,random,IVFFlat_nl1024_np1,IVFFlat,1024,1,0,0,0,0.8,0.8,0.91,,-0.163223,1.0,4.611,3.865,11.171,2569.36,517.79,2051.57,92248264843,87974.8
gemma-2-2b,15,13591,random,IVFFlat_nl1024_np1,IVFFlat,1024,1,0,0,0,0.0,0.0,0.0,,-7.992219,,4.611,3.865,11.171,2569.36,517.79,2051.57,92248264843,87974.8
gemma-2-2b,16,6360,random,IVFFlat_nl1024_np1,IVFFlat,1024,1,0,0,0,0.0,0.0,0.0,,-13.752154,,4.611,3.865,11.171,2569.36,517.79,2051.57,92248264843,87974.8
gemma-2-2b,17,1418,random,IVFFlat_nl1024_np1,IVFFlat,1024,1,0,0,0,0.0,0.0,0.0,,-17.641065,,4.611,3.865,11.171,2569.36,517.79,2051.57,92248264843,87974.8
gemma-2-2b,18,2606,random,IVFFlat_nl1024_np1,IVFFlat,1024,1,0,0,0,0.0,0.0,0.0,,-20.826148,,4.611,3.865,11.171,2569.36,517.79,2051.57,92248264843,87974.8
gemma-2-2b,19,7712,random,IVFFlat_nl1024_np1,IVFFlat,1024,1,0,0,0,0.0,0.0,0.0,,-7.659183,,4.611,3.865,11.171,2569.36,517.79,2051.57,92248264843,87974.8
gemma-2-2b,0,10762,lexicon,IVFFlat_nl1024_np4,IVFFlat,1024,4,0,0,0,0.5,0.5,0.36,0.0,-1.072834,1.0,18.736,16.821,29.983,2570.14,517.53,2052.61,92248264843,87974.8
gemma-2-2b,1,6810,lexicon,IVFFlat_nl1024_np4,IVFFlat,1024,4,0,0,0,0.7,0.7,0.58,0.0,-1.548843,0.9999,18.736,16.821,29.983,2570.14,517.53,2052.61,92248264843,87974.8
gemma-2-2b,2,11114,lexicon,IVFFlat_nl1024_np4,IVFFlat,1024,4,0,0,0,0.0,0.0,0.04,0.9,-7.221092,1.0,18.736,16.821,29.983,2570.14,517.53,2052.61,92248264843,87974.8
gemma-2-2b,3,6335,lexicon,IVFFlat_nl1024_np4,IVFFlat,1024,4,0,0,0,0.9,0.9,0.99,0.0,-0.027451,1.0,18.736,16.821,29.983,2570.14,517.53,2052.61,92248264843,87974.8
gemma-2-2b,4,13295,lexicon,IVFFlat_nl1024_np4,IVFFlat,1024,4,0,0,0,0.0,0.0,0.0,0.0,-15.484833,,18.736,16.821,29.983,2570.14,517.53,2052.61,92248264843,87974.8
gemma-2-2b,5,6745,lexicon,IVFFlat_nl1024_np4,IVFFlat,1024,4,0,0,0,0.2,0.2,0.28,0.0,-1.606129,1.0,18.736,16.821,29.983,2570.14,517.53,2052.61,92248264843,87974.8
gemma-2-2b,6,3447,lexicon,IVFFlat_nl1024_np4,IVFFlat,1024,4,0,0,0,0.2,0.2,0.09,0.0,-2.25177,1.0,18.736,16.821,29.983,2570.14,517.53,2052.61,92248264843,87974.8
gemma-2-2b,7,12342,lexicon,IVFFlat_nl1024_np4,IVFFlat,1024,4,0,0,0,0.9,0.8,0.44,0.0,-0.038036,0.7665,18.736,16.821,29.983,2570.14,517.53,2052.61,92248264843,87974.8
gemma-2-2b,8,6795,lexicon,IVFFlat_nl1024_np4,IVFFlat,1024,4,0,0,0,0.0,0.0,0.04,0.0,-3.593786,1.0,18.736,16.821,29.983,2570.14,517.53,2052.61,92248264843,87974.8
gemma-2-2b,9,11221,lexicon,IVFFlat_nl1024_np4,IVFFlat,1024,4,0,0,0,0.0,0.0,0.02,0.0,-2.831743,,18.736,16.821,29.983,2570.14,517.53,2052.61,92248264843,87974.8
gemma-2-2b,10,6980,random,IVFFlat_nl1024_np4,IVFFlat,1024,4,0,0,0,0.5,0.5,0.24,,-1.181252,1.0,18.736,16.821,29.983,2570.14,517.53,2052.61,92248264843,87974.8
gemma-2-2b,11,14956,random,IVFFlat_nl1024_np4,IVFFlat,1024,4,0,0,0,0.0,0.0,0.0,,-12.841664,,18.736,16.821,29.983,2570.14,517.53,2052.61,92248264843,87974.8
gemma-2-2b,12,13579,random,IVFFlat_nl1024_np4,IVFFlat,1024,4,0,0,0,0.0,0.0,0.09,,-1.723032,1.0,18.736,16.821,29.983,2570.14,517.53,2052.61,92248264843,87974.8
gemma-2-2b,13,12106,random,IVFFlat_nl1024_np4,IVFFlat,1024,4,0,0,0,0.0,0.0,0.01,,-4.842367,,18.736,16.821,29.983,2570.14,517.53,2052.61,92248264843,87974.8
gemma-2-2b,14,5969,random,IVFFlat_nl1024_np4,IVFFlat,1024,4,0,0,0,0.8,0.8,0.91,,-0.163223,1.0,18.736,16.821,29.983,2570.14,517.53,2052.61,92248264843,87974.8
gemma-2-2b,15,13591,random,IVFFlat_nl1024_np4,IVFFlat,1024,4,0,0,0,0.0,0.0,0.0,,-6.893279,,18.736,16.821,29.983,2570.14,517.53,2052.61,92248264843,87974.8
gemma-2-2b,16,6360,random,IVFFlat_nl1024_np4,IVFFlat,1024,4,0,0,0,0.0,0.0,0.0,,-6.248034,,18.736,16.821,29.983,2570.14,517.53,2052.61,92248264843,87974.8
gemma-2-2b,17,1418,random,IVFFlat_nl1024_np4,IVFFlat,1024,4,0,0,0,0.0,0.0,0.0,,-16.67229,,18.736,16.821,29.983,2570.14,517.53,2052.61,92248264843,87974.8
gemma-2-2b,18,2606,random,IVFFlat_nl1024_np4,IVFFlat,1024,4,0,0,0,0.0,0.0,0.0,,-19.92967,,18.736,16.821,29.983,2570.14,517.53,2052.61,92248264843,87974.8
gemma-2-2b,19,7712,random,IVFFlat_nl1024_np4,IVFFlat,1024,4,0,0,0,0.0,0.0,0.0,,-4.231792,,18.736,16.821,29.983,2570.14,517.53,2052.61,92248264843,87974.8
gemma-2-2b,0,10762,lexicon,IVFFlat_nl1024_np16,IVFFlat,1024,16,0,0,0,0.7,0.7,0.49,0.0,-0.514301,1.0,81.747,79.47,115.801,2573.67,516.79,2056.88,92248264843,87974.8
gemma-2-2b,1,6810,lexicon,IVFFlat_nl1024_np16,IVFFlat,1024,16,0,0,0,1.0,1.0,0.98,0.0,0.0,0.9988,81.747,79.47,115.801,2573.67,516.79,2056.88,92248264843,87974.8
gemma-2-2b,2,11114,lexicon,IVFFlat_nl1024_np16,IVFFlat,1024,16,0,0,0,0.7,0.7,0.51,0.8,-0.946779,1.0,81.747,79.47,115.801,2573.67,516.79,2056.88,92248264843,87974.8
gemma-2-2b,3,6335,lexicon,IVFFlat_nl1024_np16,IVFFlat,1024,16,0,0,0,0.9,0.9,0.99,0.0,-0.027451,1.0,81.747,79.47,115.801,2573.67,516.79,2056.88,92248264843,87974.8
gemma-2-2b,4,13295,lexicon,IVFFlat_nl1024_np16,IVFFlat,1024,16,0,0,0,0.0,0.0,0.01,0.0,-12.863354,,81.747,79.47,115.801,2573.67,516.79,2056.88,92248264843,87974.8
gemma-2-2b,5,6745,lexicon,IVFFlat_nl1024_np16,IVFFlat,1024,16,0,0,0,0.4,0.4,0.41,0.0,-0.850903,1.0,81.747,79.47,115.801,2573.67,516.79,2056.88,92248264843,87974.8
gemma-2-2b,6,3447,lexicon,IVFFlat_nl1024_np16,IVFFlat,1024,16,0,0,0,0.4,0.4,0.24,0.0,-1.24408,1.0,81.747,79.47,115.801,2573.67,516.79,2056.88,92248264843,87974.8
gemma-2-2b,7,12342,lexicon,IVFFlat_nl1024_np16,IVFFlat,1024,16,0,0,0,1.0,0.9,0.45,0.0,-1.1e-05,0.7817,81.747,79.47,115.801,2573.67,516.79,2056.88,92248264843,87974.8
gemma-2-2b,8,6795,lexicon,IVFFlat_nl1024_np16,IVFFlat,1024,16,0,0,0,0.2,0.2,0.11,0.0,-2.049868,1.0,81.747,79.47,115.801,2573.67,516.79,2056.88,92248264843,87974.8
gemma-2-2b,9,11221,lexicon,IVFFlat_nl1024_np16,IVFFlat,1024,16,0,0,0,0.1,0.1,0.06,0.0,-2.297569,1.0,81.747,79.47,115.801,2573.67,516.79,2056.88,92248264843,87974.8
gemma-2-2b,10,6980,random,IVFFlat_nl1024_np16,IVFFlat,1024,16,0,0,0,0.7,0.7,0.44,,-0.437702,1.0,81.747,79.47,115.801,2573.67,516.79,2056.88,92248264843,87974.8
gemma-2-2b,11,14956,random,IVFFlat_nl1024_np16,IVFFlat,1024,16,0,0,0,0.4,0.4,0.33,,-1.642549,1.0,81.747,79.47,115.801,2573.67,516.79,2056.88,92248264843,87974.8
gemma-2-2b,12,13579,random,IVFFlat_nl1024_np16,IVFFlat,1024,16,0,0,0,0.1,0.1,0.21,,-1.268403,1.0,81.747,79.47,115.801,2573.67,516.79,2056.88,92248264843,87974.8
gemma-2-2b,13,12106,random,IVFFlat_nl1024_np16,IVFFlat,1024,16,0,0,0,0.1,0.1,0.11,,-2.061285,1.0,81.747,79.47,115.801,2573.67,516.79,2056.88,92248264843,87974.8
gemma-2-2b,14,5969,random,IVFFlat_nl1024_np16,IVFFlat,1024,16,0,0,0,0.8,0.8,0.91,,-0.163223,1.0,81.747,79.47,115.801,2573.67,516.79,2056.88,92248264843,87974.8
gemma-2-2b,15,13591,random,IVFFlat_nl1024_np16,IVFFlat,1024,16,0,0,0,0.0,0.0,0.0,,-4.985373,,81.747,79.47,115.801,2573.67,516.79,2056.88,92248264843,87974.8
gemma-2-2b,16,6360,random,IVFFlat_nl1024_np16,IVFFlat,1024,16,0,0,0,0.0,0.0,0.0,,-5.407264,,81.747,79.47,115.801,2573.67,516.79,2056.88,92248264843,87974.8
gemma-2-2b,17,1418,random,IVFFlat_nl1024_np16,IVFFlat,1024,16,0,0,0,0.0,0.0,0.0,,-15.910233,,81.747,79.47,115.801,2573.67,516.79,2056.88,92248264843,87974.8
gemma-2-2b,18,2606,random,IVFFlat_nl1024_np16,IVFFlat,1024,16,0,0,0,0.0,0.0,0.0,,-19.626777,,81.747,79.47,115.801,2573.67,516.79,2056.88,92248264843,87974.8
gemma-2-2b,19,7712,random,IVFFlat_nl1024_np16,IVFFlat,1024,16,0,0,0,0.0,0.0,0.0,,-2.476911,,81.747,79.47,115.801,2573.67,516.79,2056.88,92248264843,87974.8
gemma-2-2b,0,10762,lexicon,IVFFlat_nl1024_np64,IVFFlat,1024,64,0,0,0,1.0,1.0,0.93,0.0,1.1e-05,1.0,361.155,342.464,486.101,2581.8,521.61,2060.19,92248264843,87974.8
gemma-2-2b,1,6810,lexicon,IVFFlat_nl1024_np64,IVFFlat,1024,64,0,0,0,1.0,1.0,1.0,0.0,0.0,0.9988,361.155,342.464,486.101,2581.8,521.61,2060.19,92248264843,87974.8
gemma-2-2b,2,11114,lexicon,IVFFlat_nl1024_np64,IVFFlat,1024,64,0,0,0,0.9,0.9,0.86,0.9,-0.040699,1.0,361.155,342.464,486.101,2581.8,521.61,2060.19,92248264843,87974.8
gemma-2-2b,3,6335,lexicon,IVFFlat_nl1024_np64,IVFFlat,1024,64,0,0,0,0.9,0.9,0.99,0.0,-0.027451,1.0,361.155,342.464,486.101,2581.8,521.61,2060.19,92248264843,87974.8
gemma-2-2b,4,13295,lexicon,IVFFlat_nl1024_np64,IVFFlat,1024,64,0,0,0,0.0,0.0,0.01,0.0,-12.508556,,361.155,342.464,486.101,2581.8,521.61,2060.19,92248264843,87974.8
gemma-2-2b,5,6745,lexicon,IVFFlat_nl1024_np64,IVFFlat,1024,64,0,0,0,0.6,0.6,0.72,0.0,-0.503021,1.0,361.155,342.464,486.101,2581.8,521.61,2060.19,92248264843,87974.8
gemma-2-2b,6,3447,lexicon,IVFFlat_nl1024_np64,IVFFlat,1024,64,0,0,0,0.7,0.7,0.6,0.0,-0.441162,1.0,361.155,342.464,486.101,2581.8,521.61,2060.19,92248264843,87974.8
gemma-2-2b,7,12342,lexicon,IVFFlat_nl1024_np64,IVFFlat,1024,64,0,0,0,1.0,0.9,0.45,0.0,-1.1e-05,0.7817,361.155,342.464,486.101,2581.8,521.61,2060.19,92248264843,87974.8
gemma-2-2b,8,6795,lexicon,IVFFlat_nl1024_np64,IVFFlat,1024,64,0,0,0,0.3,0.3,0.34,0.0,-1.245123,1.0,361.155,342.464,486.101,2581.8,521.61,2060.19,92248264843,87974.8
gemma-2-2b,9,11221,lexicon,IVFFlat_nl1024_np64,IVFFlat,1024,64,0,0,0,0.1,0.1,0.2,0.0,-1.670061,1.0,361.155,342.464,486.101,2581.8,521.61,2060.19,92248264843,87974.8
gemma-2-2b,10,6980,random,IVFFlat_nl1024_np64,IVFFlat,1024,64,0,0,0,0.8,0.8,0.59,,-0.323071,1.0,361.155,342.464,486.101,2581.8,521.61,2060.19,92248264843,87974.8
gemma-2-2b,11,14956,random,IVFFlat_nl1024_np64,IVFFlat,1024,64,0,0,0,0.5,0.5,0.49,,-0.985383,1.0,361.155,342.464,486.101,2581.8,521.61,2060.19,92248264843,87974.8
gemma-2-2b,12,13579,random,IVFFlat_nl1024_np64,IVFFlat,1024,64,0,0,0,0.2,0.2,0.36,,-0.958716,1.0,361.155,342.464,486.101,2581.8,521.61,2060.19,92248264843,87974.8
gemma-2-2b,13,12106,random,IVFFlat_nl1024_np64,IVFFlat,1024,64,0,0,0,0.4,0.4,0.24,,-0.772356,1.0,361.155,342.464,486.101,2581.8,521.61,2060.19,92248264843,87974.8
gemma-2-2b,14,5969,random,IVFFlat_nl1024_np64,IVFFlat,1024,64,0,0,0,0.8,0.8,0.92,,-0.163223,1.0,361.155,342.464,486.101,2581.8,521.61,2060.19,92248264843,87974.8
gemma-2-2b,15,13591,random,IVFFlat_nl1024_np64,IVFFlat,1024,64,0,0,0,0.0,0.0,0.03,,-3.542215,1.0,361.155,342.464,486.101,2581.8,521.61,2060.19,92248264843,87974.8
gemma-2-2b,16,6360,random,IVFFlat_nl1024_np64,IVFFlat,1024,64,0,0,0,0.1,0.1,0.02,,-4.41466,,361.155,342.464,486.101,2581.8,521.61,2060.19,92248264843,87974.8
gemma-2-2b,17,1418,random,IVFFlat_nl1024_np64,IVFFlat,1024,64,0,0,0,0.0,0.0,0.01,,-4.695389,,361.155,342.464,486.101,2581.8,521.61,2060.19,92248264843,87974.8
gemma-2-2b,18,2606,random,IVFFlat_nl1024_np64,IVFFlat,1024,64,0,0,0,0.3,0.3,0.33,,-1.421009,1.0,361.155,342.464,486.101,2581.8,521.61,2060.19,92248264843,87974.8
gemma-2-2b,19,7712,random,IVFFlat_nl1024_np64,IVFFlat,1024,64,0,0,0,0.0,0.0,0.03,,-1.449336,1.0,361.155,342.464,486.101,2581.8,521.61,2060.19,92248264843,87974.8
gemma-2-2b,0,10762,lexicon,IVFFlat_nl4096_np1,IVFFlat,4096,1,0,0,0,0.0,0.0,0.05,0.0,-5.088661,1.0,2.183,2.45,3.44,11894.43,3948.59,7945.85,92276600971,88001.8
gemma-2-2b,1,6810,lexicon,IVFFlat_nl4096_np1,IVFFlat,4096,1,0,0,0,0.3,0.3,0.33,0.0,-6.940704,1.0,2.183,2.45,3.44,11894.43,3948.59,7945.85,92276600971,88001.8
gemma-2-2b,2,11114,lexicon,IVFFlat_nl4096_np1,IVFFlat,4096,1,0,0,0,0.1,0.1,0.28,0.7,-4.233608,1.0,2.183,2.45,3.44,11894.43,3948.59,7945.85,92276600971,88001.8
gemma-2-2b,3,6335,lexicon,IVFFlat_nl4096_np1,IVFFlat,4096,1,0,0,0,0.2,0.2,0.14,0.0,-1.08316,1.0,2.183,2.45,3.44,11894.43,3948.59,7945.85,92276600971,88001.8
gemma-2-2b,4,13295,lexicon,IVFFlat_nl4096_np1,IVFFlat,4096,1,0,0,0,0.0,0.0,0.0,0.0,-17.725227,,2.183,2.45,3.44,11894.43,3948.59,7945.85,92276600971,88001.8
gemma-2-2b,5,6745,lexicon,IVFFlat_nl4096_np1,IVFFlat,4096,1,0,0,0,0.0,0.0,0.01,0.0,-11.409153,,2.183,2.45,3.44,11894.43,3948.59,7945.85,92276600971,88001.8
gemma-2-2b,6,3447,lexicon,IVFFlat_nl4096_np1,IVFFlat,4096,1,0,0,0,0.0,0.0,0.0,0.0,-20.977611,,2.183,2.45,3.44,11894.43,3948.59,7945.85,92276600971,88001.8
gemma-2-2b,7,12342,lexicon,IVFFlat_nl4096_np1,IVFFlat,4096,1,0,0,0,0.7,0.7,0.07,0.0,-0.432957,1.0,2.183,2.45,3.44,11894.43,3948.59,7945.85,92276600971,88001.8
gemma-2-2b,8,6795,lexicon,IVFFlat_nl4096_np1,IVFFlat,4096,1,0,0,0,0.0,0.0,0.0,0.0,-18.692804,,2.183,2.45,3.44,11894.43,3948.59,7945.85,92276600971,88001.8
gemma-2-2b,9,11221,lexicon,IVFFlat_nl4096_np1,IVFFlat,4096,1,0,0,0,0.0,0.0,0.0,0.0,-4.077711,,2.183,2.45,3.44,11894.43,3948.59,7945.85,92276600971,88001.8
gemma-2-2b,10,6980,random,IVFFlat_nl4096_np1,IVFFlat,4096,1,0,0,0,0.1,0.1,0.13,,-3.709061,1.0,2.183,2.45,3.44,11894.43,3948.59,7945.85,92276600971,88001.8
gemma-2-2b,11,14956,random,IVFFlat_nl4096_np1,IVFFlat,4096,1,0,0,0,0.0,0.0,0.0,,-13.467582,,2.183,2.45,3.44,11894.43,3948.59,7945.85,92276600971,88001.8
gemma-2-2b,12,13579,random,IVFFlat_nl4096_np1,IVFFlat,4096,1,0,0,0,0.0,0.0,0.0,,-8.073616,,2.183,2.45,3.44,11894.43,3948.59,7945.85,92276600971,88001.8
gemma-2-2b,13,12106,random,IVFFlat_nl4096_np1,IVFFlat,4096,1,0,0,0,0.0,0.0,0.0,,-9.36654,,2.183,2.45,3.44,11894.43,3948.59,7945.85,92276600971,88001.8
gemma-2-2b,14,5969,random,IVFFlat_nl4096_np1,IVFFlat,4096,1,0,0,0,0.8,0.8,0.71,,-0.224726,1.0,2.183,2.45,3.44,11894.43,3948.59,7945.85,92276600971,88001.8
gemma-2-2b,15,13591,random,IVFFlat_nl4096_np1,IVFFlat,4096,1,0,0,0,0.0,0.0,0.0,,-10.342362,,2.183,2.45,3.44,11894.43,3948.59,7945.85,92276600971,88001.8
gemma-2-2b,16,6360,random,IVFFlat_nl4096_np1,IVFFlat,4096,1,0,0,0,0.0,0.0,0.01,,-5.516706,,2.183,2.45,3.44,11894.43,3948.59,7945.85,92276600971,88001.8
gemma-2-2b,17,1418,random,IVFFlat_nl4096_np1,IVFFlat,4096,1,0,0,0,0.1,0.1,0.06,,-3.094885,1.0,2.183,2.45,3.44,11894.43,3948.59,7945.85,92276600971,88001.8
gemma-2-2b,18,2606,random,IVFFlat_nl4096_np1,IVFFlat,4096,1,0,0,0,0.0,0.0,0.0,,-32.504189,,2.183,2.45,3.44,11894.43,3948.59,7945.85,92276600971,88001.8
gemma-2-2b,19,7712,random,IVFFlat_nl4096_np1,IVFFlat,4096,1,0,0,0,0.0,0.0,0.0,,-5.761326,,2.183,2.45,3.44,11894.43,3948.59,7945.85,92276600971,88001.8
gemma-2-2b,0,10762,lexicon,IVFFlat_nl4096_np4,IVFFlat,4096,4,0,0,0,0.0,0.0,0.13,0.0,-3.701832,1.0,5.936,6.055,10.033,11894.43,3948.59,7945.85,92276600971,88001.8
gemma-2-2b,1,6810,lexicon,IVFFlat_nl4096_np4,IVFFlat,4096,4,0,0,0,0.7,0.7,0.7,0.0,-0.797928,0.9973,5.936,6.055,10.033,11894.43,3948.59,7945.85,92276600971,88001.8
gemma-2-2b,2,11114,lexicon,IVFFlat_nl4096_np4,IVFFlat,4096,4,0,0,0,0.2,0.2,0.32,0.7,-3.001453,1.0,5.936,6.055,10.033,11894.43,3948.59,7945.85,92276600971,88001.8
gemma-2-2b,3,6335,lexicon,IVFFlat_nl4096_np4,IVFFlat,4096,4,0,0,0,0.7,0.7,0.62,0.0,-0.182201,1.0,5.936,6.055,10.033,11894.43,3948.59,7945.85,92276600971,88001.8
gemma-2-2b,4,13295,lexicon,IVFFlat_nl4096_np4,IVFFlat,4096,4,0,0,0,0.0,0.0,0.0,0.0,-17.543827,,5.936,6.055,10.033,11894.43,3948.59,7945.85,92276600971,88001.8
gemma-2-2b,5,6745,lexicon,IVFFlat_nl4096_np4,IVFFlat,4096,4,0,0,0,0.0,0.0,0.01,0.0,-7.331049,,5.936,6.055,10.033,11894.43,3948.59,7945.85,92276600971,88001.8
gemma-2-2b,6,3447,lexicon,IVFFlat_nl4096_np4,IVFFlat,4096,4,0,0,0,0.1,0.1,0.12,0.0,-2.620607,1.0,5.936,6.055,10.033,11894.43,3948.59,7945.85,92276600971,88001.8
gemma-2-2b,7,12342,lexicon,IVFFlat_nl4096_np4,IVFFlat,4096,4,0,0,0,0.9,0.8,0.44,0.0,-0.038036,0.7665,5.936,6.055,10.033,11894.43,3948.59,7945.85,92276600971,88001.8
gemma-2-2b,8,6795,lexicon,IVFFlat_nl4096_np4,IVFFlat,4096,4,0,0,0,0.1,0.1,0.05,0.0,-3.077488,1.0,5.936,6.055,10.033,11894.43,3948.59,7945.85,92276600971,88001.8
gemma-2-2b,9,11221,lexicon,IVFFlat_nl4096_np4,IVFFlat,4096,4,0,0,0,0.0,0.0,0.01,0.0,-3.07712,,5.936,6.055,10.033,11894.43,3948.59,7945.85,92276600971,88001.8
gemma-2-2b,10,6980,random,IVFFlat_nl4096_np4,IVFFlat,4096,4,0,0,0,0.4,0.4,0.29,,-1.008045,1.0,5.936,6.055,10.033,11894.43,3948.59,7945.85,92276600971,88001.8
gemma-2-2b,11,14956,random,IVFFlat_nl4096_np4,IVFFlat,4096,4,0,0,0,0.0,0.0,0.0,,-12.795747,,5.936,6.055,10.033,11894.43,3948.59,7945.85,92276600971,88001.8
gemma-2-2b,12,13579,random,IVFFlat_nl4096_np4,IVFFlat,4096,4,0,0,0,0.0,0.0,0.01,,-3.277986,,5.936,6.055,10.033,11894.43,3948.59,7945.85,92276600971,88001.8
gemma-2-2b,13,12106,random,IVFFlat_nl4096_np4,IVFFlat,4096,4,0,0,0,0.0,0.0,0.0,,-6.288658,,5.936,6.055,10.033,11894.43,3948.59,7945.85,92276600971,88001.8
gemma-2-2b,14,5969,random,IVFFlat_nl4096_np4,IVFFlat,4096,4,0,0,0,1.0,1.0,0.99,,0.0,1.0,5.936,6.055,10.033,11894.43,3948.59,7945.85,92276600971,88001.8
gemma-2-2b,15,13591,random,IVFFlat_nl4096_np4,IVFFlat,4096,4,0,0,0,0.0,0.0,0.0,,-6.933383,,5.936,6.055,10.033,11894.43,3948.59,7945.85,92276600971,88001.8
gemma-2-2b,16,6360,random,IVFFlat_nl4096_np4,IVFFlat,4096,4,0,0,0,0.0,0.0,0.01,,-5.482452,,5.936,6.055,10.033,11894.43,3948.59,7945.85,92276600971,88001.8
gemma-2-2b,17,1418,random,IVFFlat_nl4096_np4,IVFFlat,4096,4,0,0,0,0.1,0.1,0.06,,-3.094885,1.0,5.936,6.055,10.033,11894.43,3948.59,7945.85,92276600971,88001.8
gemma-2-2b,18,2606,random,IVFFlat_nl4096_np4,IVFFlat,4096,4,0,0,0,0.4,0.4,0.38,,-1.068199,1.0,5.936,6.055,10.033,11894.43,3948.59,7945.85,92276600971,88001.8
gemma-2-2b,19,7712,random,IVFFlat_nl4096_np4,IVFFlat,4096,4,0,0,0,0.0,0.0,0.0,,-3.077467,,5.936,6.055,10.033,11894.43,3948.59,7945.85,92276600971,88001.8
gemma-2-2b,0,10762,lexicon,IVFFlat_nl4096_np16,IVFFlat,4096,16,0,0,0,0.3,0.3,0.38,0.0,-1.805996,1.0,19.11,16.216,35.234,11894.43,3948.59,7945.85,92276600971,88001.8
gemma-2-2b,1,6810,lexicon,IVFFlat_nl4096_np16,IVFFlat,4096,16,0,0,0,0.8,0.8,0.84,0.0,-0.454514,0.9984,19.11,16.216,35.234,11894.43,3948.59,7945.85,92276600971,88001.8
gemma-2-2b,2,11114,lexicon,IVFFlat_nl4096_np16,IVFFlat,4096,16,0,0,0,0.5,0.5,0.59,0.9,-0.814568,1.0,19.11,16.216,35.234,11894.43,3948.59,7945.85,92276600971,88001.8
gemma-2-2b,3,6335,lexicon,IVFFlat_nl4096_np16,IVFFlat,4096,16,0,0,0,1.0,1.0,1.0,0.0,-4e-06,1.0,19.11,16.216,35.234,11894.43,3948.59,7945.85,92276600971,88001.8
gemma-2-2b,4,13295,lexicon,IVFFlat_nl4096_np16,IVFFlat,4096,16,0,0,0,0.0,0.0,0.0,0.0,-13.951027,,19.11,16.216,35.234,11894.43,3948.59,7945.85,92276600971,88001.8
gemma-2-2b,5,6745,lexicon,IVFFlat_nl4096_np16,IVFFlat,4096,16,0,0,0,0.1,0.1,0.16,0.0,-2.305342,1.0,19.11,16.216,35.234,11894.43,3948.59,7945.85,92276600971,88001.8
gemma-2-2b,6,3447,lexicon,IVFFlat_nl4096_np16,IVFFlat,4096,16,0,0,0,0.3,0.3,0.25,0.0,-1.380112,1.0,19.11,16.216,35.234,11894.43,3948.59,7945.85,92276600971,88001.8
gemma-2-2b,7,12342,lexicon,IVFFlat_nl4096_np16,IVFFlat,4096,16,0,0,0,1.0,0.9,0.45,0.0,-1.1e-05,0.7817,19.11,16.216,35.234,11894.43,3948.59,7945.85,92276600971,88001.8
gemma-2-2b,8,6795,lexicon,IVFFlat_nl4096_np16,IVFFlat,4096,16,0,0,0,0.2,0.2,0.12,0.0,-2.089958,1.0,19.11,16.216,35.234,11894.43,3948.59,7945.85,92276600971,88001.8
gemma-2-2b,9,11221,lexicon,IVFFlat_nl4096_np16,IVFFlat,4096,16,0,0,0,0.1,0.1,0.04,0.0,-2.517803,1.0,19.11,16.216,35.234,11894.43,3948.59,7945.85,92276600971,88001.8
gemma-2-2b,10,6980,random,IVFFlat_nl4096_np16,IVFFlat,4096,16,0,0,0,0.4,0.4,0.32,,-0.91592,1.0,19.11,16.216,35.234,11894.43,3948.59,7945.85,92276600971,88001.8
gemma-2-2b,11,14956,random,IVFFlat_nl4096_np16,IVFFlat,4096,16,0,0,0,0.0,0.0,0.0,,-12.183109,,19.11,16.216,35.234,11894.43,3948.59,7945.85,92276600971,88001.8
gemma-2-2b,12,13579,random,IVFFlat_nl4096_np16,IVFFlat,4096,16,0,0,0,0.0,0.0,0.09,,-1.580764,1.0,19.11,16.216,35.234,11894.43,3948.59,7945.85,92276600971,88001.8
gemma-2-2b,13,12106,random,IVFFlat_nl4096_np16,IVFFlat,4096,16,0,0,0,0.0,0.0,0.0,,-4.988714,,19.11,16.216,35.234,11894.43,3948.59,7945.85,92276600971,88001.8
gemma-2-2b,14,5969,random,IVFFlat_nl4096_np16,IVFFlat,4096,16,0,0,0,1.0,1.0,0.99,,0.0,1.0,19.11,16.216,35.234,11894.43,3948.59,7945.85,92276600971,88001.8
gemma-2-2b,15,13591,random,IVFFlat_nl4096_np16,IVFFlat,4096,16,0,0,0,0.0,0.0,0.0,,-5.788102,,19.11,16.216,35.234,11894.43,3948.59,7945.85,92276600971,88001.8
gemma-2-2b,16,6360,random,IVFFlat_nl4096_np16,IVFFlat,4096,16,0,0,0,0.0,0.0,0.14,,-3.119534,1.0,19.11,16.216,35.234,11894.43,3948.59,7945.85,92276600971,88001.8
gemma-2-2b,17,1418,random,IVFFlat_nl4096_np16,IVFFlat,4096,16,0,0,0,0.1,0.1,0.06,,-3.094885,1.0,19.11,16.216,35.234,11894.43,3948.59,7945.85,92276600971,88001.8
gemma-2-2b,18,2606,random,IVFFlat_nl4096_np16,IVFFlat,4096,16,0,0,0,0.4,0.4,0.38,,-1.068199,1.0,19.11,16.216,35.234,11894.43,3948.59,7945.85,92276600971,88001.8
gemma-2-2b,19,7712,random,IVFFlat_nl4096_np16,IVFFlat,4096,16,0,0,0,0.0,0.0,0.0,,-2.733922,,19.11,16.216,35.234,11894.43,3948.59,7945.85,92276600971,88001.8
gemma-2-2b,0,10762,lexicon,IVFFlat_nl4096_np64,IVFFlat,4096,64,0,0,0,0.6,0.6,0.62,0.0,-0.546719,1.0,80.702,76.724,139.736,11894.43,3948.59,7945.85,92276600971,88001.8
gemma-2-2b,1,6810,lexicon,IVFFlat_nl4096_np64,IVFFlat,4096,64,0,0,0,1.0,1.0,0.97,0.0,0.0,0.9987,80.702,76.724,139.736,11894.43,3948.59,7945.85,92276600971,88001.8
gemma-2-2b,2,11114,lexicon,IVFFlat_nl4096_np64,IVFFlat,4096,64,0,0,0,0.8,0.8,0.79,0.8,-0.10527,1.0,80.702,76.724,139.736,11894.43,3948.59,7945.85,92276600971,88001.8
gemma-2-2b,3,6335,lexicon,IVFFlat_nl4096_np64,IVFFlat,4096,64,0,0,0,1.0,1.0,1.0,0.0,-4e-06,1.0,80.702,76.724,139.736,11894.43,3948.59,7945.85,92276600971,88001.8
gemma-2-2b,4,13295,lexicon,IVFFlat_nl4096_np64,IVFFlat,4096,64,0,0,0,0.0,0.0,0.01,0.0,-12.915802,,80.702,76.724,139.736,11894.43,3948.59,7945.85,92276600971,88001.8
gemma-2-2b,5,6745,lexicon,IVFFlat_nl4096_np64,IVFFlat,4096,64,0,0,0,0.3,0.3,0.43,0.0,-1.064838,1.0,80.702,76.724,139.736,11894.43,3948.59,7945.85,92276600971,88001.8
gemma-2-2b,6,3447,lexicon,IVFFlat_nl4096_np64,IVFFlat,4096,64,0,0,0,0.7,0.7,0.51,0.0,-0.424873,1.0,80.702,76.724,139.736,11894.43,3948.59,7945.85,92276600971,88001.8
gemma-2-2b,7,12342,lexicon,IVFFlat_nl4096_np64,IVFFlat,4096,64,0,0,0,1.0,0.9,0.45,0.0,-1.1e-05,0.7817,80.702,76.724,139.736,11894.43,3948.59,7945.85,92276600971,88001.8
gemma-2-2b,8,6795,lexicon,IVFFlat_nl4096_np64,IVFFlat,4096,64,0,0,0,0.2,0.2,0.16,0.0,-1.861425,1.0,80.702,76.724,139.736,11894.43,3948.59,7945.85,92276600971,88001.8
gemma-2-2b,9,11221,lexicon,IVFFlat_nl4096_np64,IVFFlat,4096,64,0,0,0,0.1,0.1,0.1,0.0,-2.039392,1.0,80.702,76.724,139.736,11894.43,3948.59,7945.85,92276600971,88001.8
gemma-2-2b,10,6980,random,IVFFlat_nl4096_np64,IVFFlat,4096,64,0,0,0,1.0,1.0,0.83,,0.0,1.0,80.702,76.724,139.736,11894.43,3948.59,7945.85,92276600971,88001.8
gemma-2-2b,11,14956,random,IVFFlat_nl4096_np64,IVFFlat,4096,64,0,0,0,0.2,0.2,0.16,,-2.541987,1.0,80.702,76.724,139.736,11894.43,3948.59,7945.85,92276600971,88001.8
gemma-2-2b,12,13579,random,IVFFlat_nl4096_np64,IVFFlat,4096,64,0,0,0,0.1,0.1,0.32,,-1.098162,1.0,80.702,76.724,139.736,11894.43,3948.59,7945.85,92276600971,88001.8
gemma-2-2b,13,12106,random,IVFFlat_nl4096_np64,IVFFlat,4096,64,0,0,0,0.2,0.2,0.09,,-2.056952,1.0,80.702,76.724,139.736,11894.43,3948.59,7945.85,92276600971,88001.8
gemma-2-2b,14,5969,random,IVFFlat_nl4096_np64,IVFFlat,4096,64,0,0,0,1.0,1.0,0.99,,0.0,1.0,80.702,76.724,139.736,11894.43,3948.59,7945.85,92276600971,88001.8
gemma-2-2b,15,13591,random,IVFFlat_nl4096_np64,IVFFlat,4096,64,0,0,0,0.1,0.1,0.09,,-2.455607,1.0,80.702,76.724,139.736,11894.43,3948.59,7945.85,92276600971,88001.8
gemma-2-2b,16,6360,random,IVFFlat_nl4096_np64,IVFFlat,4096,64,0,0,0,0.1,0.1,0.3,,-2.714236,1.0,80.702,76.724,139.736,11894.43,3948.59,7945.85,92276600971,88001.8
gemma-2-2b,17,1418,random,IVFFlat_nl4096_np64,IVFFlat,4096,64,0,0,0,0.1,0.1,0.06,,-3.094885,1.0,80.702,76.724,139.736,11894.43,3948.59,7945.85,92276600971,88001.8
gemma-2-2b,18,2606,random,IVFFlat_nl4096_np64,IVFFlat,4096,64,0,0,0,0.7,0.7,0.54,,-0.500389,1.0,80.702,76.724,139.736,11894.43,3948.59,7945.85,92276600971,88001.8
gemma-2-2b,19,7712,random,IVFFlat_nl4096_np64,IVFFlat,4096,64,0,0,0,0.0,0.0,0.02,,-1.970082,,80.702,76.724,139.736,11894.43,3948.59,7945.85,92276600971,88001.8
gemma-2-2b,0,10762,lexicon,IVFPQ_nl4096_np4_m8,IVFPQ,4096,4,0,0,8,0.0,0.0,0.04,0.0,-11.097191,-0.4,1.736,1.737,1.945,12524.2,4072.67,8451.53,200138932,190.9
gemma-2-2b,1,6810,lexicon,IVFPQ_nl4096_np4_m8,IVFPQ,4096,4,0,0,8,0.0,0.0,0.07,0.0,-44.555145,-0.5714,1.736,1.737,1.945,12524.2,4072.67,8451.53,200138932,190.9
gemma-2-2b,2,11114,lexicon,IVFPQ_nl4096_np4_m8,IVFPQ,4096,4,0,0,8,0.1,0.0,0.01,0.8,-14.856655,,1.736,1.737,1.945,12524.2,4072.67,8451.53,200138932,190.9
gemma-2-2b,3,6335,lexicon,IVFPQ_nl4096_np4_m8,IVFPQ,4096,4,0,0,8,0.0,0.0,0.0,0.1,-9.813801,,1.736,1.737,1.945,12524.2,4072.67,8451.53,200138932,190.9
gemma-2-2b,4,13295,lexicon,IVFPQ_nl4096_np4_m8,IVFPQ,4096,4,0,0,8,0.0,0.0,0.0,0.0,-30.701378,,1.736,1.737,1.945,12524.2,4072.67,8451.53,200138932,190.9
gemma-2-2b,5,6745,lexicon,IVFPQ_nl4096_np4_m8,IVFPQ,4096,4,0,0,8,0.0,0.0,0.01,0.0,-14.157368,,1.736,1.737,1.945,12524.2,4072.67,8451.53,200138932,190.9
gemma-2-2b,6,3447,lexicon,IVFPQ_nl4096_np4_m8,IVFPQ,4096,4,0,0,8,0.0,0.0,0.0,0.0,-9.717276,,1.736,1.737,1.945,12524.2,4072.67,8451.53,200138932,190.9
gemma-2-2b,7,12342,lexicon,IVFPQ_nl4096_np4_m8,IVFPQ,4096,4,0,0,8,0.0,0.0,0.15,0.0,-1.368523,-0.1179,1.736,1.737,1.945,12524.2,4072.67,8451.53,200138932,190.9
gemma-2-2b,8,6795,lexicon,IVFPQ_nl4096_np4_m8,IVFPQ,4096,4,0,0,8,0.0,0.0,0.0,0.0,-13.014739,,1.736,1.737,1.945,12524.2,4072.67,8451.53,200138932,190.9
gemma-2-2b,9,11221,lexicon,IVFPQ_nl4096_np4_m8,IVFPQ,4096,4,0,0,8,0.0,0.0,0.0,0.0,-9.031421,,1.736,1.737,1.945,12524.2,4072.67,8451.53,200138932,190.9
gemma-2-2b,10,6980,random,IVFPQ_nl4096_np4_m8,IVFPQ,4096,4,0,0,8,0.0,0.0,0.04,,-19.596994,-0.4,1.736,1.737,1.945,12524.2,4072.67,8451.53,200138932,190.9
gemma-2-2b,11,14956,random,IVFPQ_nl4096_np4_m8,IVFPQ,4096,4,0,0,8,0.0,0.0,0.0,,-15.049526,,1.736,1.737,1.945,12524.2,4072.67,8451.53,200138932,190.9
gemma-2-2b,12,13579,random,IVFPQ_nl4096_np4_m8,IVFPQ,4096,4,0,0,8,0.0,0.0,0.0,,-7.901512,,1.736,1.737,1.945,12524.2,4072.67,8451.53,200138932,190.9
gemma-2-2b,13,12106,random,IVFPQ_nl4096_np4_m8,IVFPQ,4096,4,0,0,8,0.0,0.0,0.0,,-9.200536,,1.736,1.737,1.945,12524.2,4072.67,8451.53,200138932,190.9
gemma-2-2b,14,5969,random,IVFPQ_nl4096_np4_m8,IVFPQ,4096,4,0,0,8,0.0,0.0,0.04,,-20.889614,0.4,1.736,1.737,1.945,12524.2,4072.67,8451.53,200138932,190.9
gemma-2-2b,15,13591,random,IVFPQ_nl4096_np4_m8,IVFPQ,4096,4,0,0,8,0.0,0.0,0.0,,-10.220682,,1.736,1.737,1.945,12524.2,4072.67,8451.53,200138932,190.9
gemma-2-2b,16,6360,random,IVFPQ_nl4096_np4_m8,IVFPQ,4096,4,0,0,8,0.0,0.0,0.0,,-12.816054,,1.736,1.737,1.945,12524.2,4072.67,8451.53,200138932,190.9
gemma-2-2b,17,1418,random,IVFPQ_nl4096_np4_m8,IVFPQ,4096,4,0,0,8,0.0,0.0,0.01,,-10.900834,,1.736,1.737,1.945,12524.2,4072.67,8451.53,200138932,190.9
gemma-2-2b,18,2606,random,IVFPQ_nl4096_np4_m8,IVFPQ,4096,4,0,0,8,0.0,0.0,0.06,,-22.621749,0.0857,1.736,1.737,1.945,12524.2,4072.67,8451.53,200138932,190.9
gemma-2-2b,19,7712,random,IVFPQ_nl4096_np4_m8,IVFPQ,4096,4,0,0,8,0.0,0.0,0.0,,-6.386892,,1.736,1.737,1.945,12524.2,4072.67,8451.53,200138932,190.9
gemma-2-2b,0,10762,lexicon,IVFPQ_nl4096_np16_m8,IVFPQ,4096,16,0,0,8,0.0,0.0,0.06,0.0,-10.169857,-0.0857,1.907,1.873,2.24,12524.2,4072.67,8451.53,200138932,190.9
gemma-2-2b,1,6810,lexicon,IVFPQ_nl4096_np16_m8,IVFPQ,4096,16,0,0,8,0.0,0.0,0.02,0.0,-52.46537,,1.907,1.873,2.24,12524.2,4072.67,8451.53,200138932,190.9
gemma-2-2b,2,11114,lexicon,IVFPQ_nl4096_np16_m8,IVFPQ,4096,16,0,0,8,0.0,0.0,0.0,0.1,-20.215207,,1.907,1.873,2.24,12524.2,4072.67,8451.53,200138932,190.9
gemma-2-2b,3,6335,lexicon,IVFPQ_nl4096_np16_m8,IVFPQ,4096,16,0,0,8,0.0,0.0,0.0,0.1,-9.813801,,1.907,1.873,2.24,12524.2,4072.67,8451.53,200138932,190.9
gemma-2-2b,4,13295,lexicon,IVFPQ_nl4096_np16_m8,IVFPQ,4096,16,0,0,8,0.0,0.0,0.0,0.0,-24.640293,,1.907,1.873,2.24,12524.2,4072.67,8451.53,200138932,190.9
gemma-2-2b,5,6745,lexicon,IVFPQ_nl4096_np16_m8,IVFPQ,4096,16,0,0,8,0.1,0.0,0.02,0.0,-11.000252,,1.907,1.873,2.24,12524.2,4072.67,8451.53,200138932,190.9
gemma-2-2b,6,3447,lexicon,IVFPQ_nl4096_np16_m8,IVFPQ,4096,16,0,0,8,0.0,0.0,0.01,0.0,-10.069691,,1.907,1.873,2.24,12524.2,4072.67,8451.53,200138932,190.9
gemma-2-2b,7,12342,lexicon,IVFPQ_nl4096_np16_m8,IVFPQ,4096,16,0,0,8,0.0,0.0,0.15,0.0,-1.368523,-0.1179,1.907,1.873,2.24,12524.2,4072.67,8451.53,200138932,190.9
gemma-2-2b,8,6795,lexicon,IVFPQ_nl4096_np16_m8,IVFPQ,4096,16,0,0,8,0.0,0.0,0.0,0.0,-12.825283,,1.907,1.873,2.24,12524.2,4072.67,8451.53,200138932,190.9
gemma-2-2b,9,11221,lexicon,IVFPQ_nl4096_np16_m8,IVFPQ,4096,16,0,0,8,0.0,0.0,0.0,0.0,-8.333955,,1.907,1.873,2.24,12524.2,4072.67,8451.53,200138932,190.9
gemma-2-2b,10,6980,random,IVFPQ_nl4096_np16_m8,IVFPQ,4096,16,0,0,8,0.0,0.0,0.02,,-21.073906,,1.907,1.873,2.24,12524.2,4072.67,8451.53,200138932,190.9
gemma-2-2b,11,14956,random,IVFPQ_nl4096_np16_m8,IVFPQ,4096,16,0,0,8,0.0,0.0,0.0,,-16.368026,,1.907,1.873,2.24,12524.2,4072.67,8451.53,200138932,190.9
gemma-2-2b,12,13579,random,IVFPQ_nl4096_np16_m8,IVFPQ,4096,16,0,0,8,0.0,0.0,0.0,,-8.662451,,1.907,1.873,2.24,12524.2,4072.67,8451.53,200138932,190.9
gemma-2-2b,13,12106,random,IVFPQ_nl4096_np16_m8,IVFPQ,4096,16,0,0,8,0.0,0.0,0.0,,-9.654954,,1.907,1.873,2.24,12524.2,4072.67,8451.53,200138932,190.9
gemma-2-2b,14,5969,random,IVFPQ_nl4096_np16_m8,IVFPQ,4096,16,0,0,8,0.0,0.0,0.0,,-30.134198,,1.907,1.873,2.24,12524.2,4072.67,8451.53,200138932,190.9
gemma-2-2b,15,13591,random,IVFPQ_nl4096_np16_m8,IVFPQ,4096,16,0,0,8,0.0,0.0,0.0,,-8.376479,,1.907,1.873,2.24,12524.2,4072.67,8451.53,200138932,190.9
gemma-2-2b,16,6360,random,IVFPQ_nl4096_np16_m8,IVFPQ,4096,16,0,0,8,0.0,0.0,0.0,,-12.404817,,1.907,1.873,2.24,12524.2,4072.67,8451.53,200138932,190.9
gemma-2-2b,17,1418,random,IVFPQ_nl4096_np16_m8,IVFPQ,4096,16,0,0,8,0.0,0.0,0.0,,-18.356528,,1.907,1.873,2.24,12524.2,4072.67,8451.53,200138932,190.9
gemma-2-2b,18,2606,random,IVFPQ_nl4096_np16_m8,IVFPQ,4096,16,0,0,8,0.0,0.0,0.01,,-31.783818,,1.907,1.873,2.24,12524.2,4072.67,8451.53,200138932,190.9
gemma-2-2b,19,7712,random,IVFPQ_nl4096_np16_m8,IVFPQ,4096,16,0,0,8,0.0,0.0,0.0,,-5.867172,,1.907,1.873,2.24,12524.2,4072.67,8451.53,200138932,190.9
gemma-2-2b,0,10762,lexicon,IVFPQ_nl4096_np64_m8,IVFPQ,4096,64,0,0,8,0.0,0.0,0.07,0.0,-11.770115,0.75,2.625,2.573,3.234,12524.2,4072.67,8451.53,200138932,190.9
gemma-2-2b,1,6810,lexicon,IVFPQ_nl4096_np64_m8,IVFPQ,4096,64,0,0,8,0.0,0.0,0.02,0.0,-52.46537,,2.625,2.573,3.234,12524.2,4072.67,8451.53,200138932,190.9
gemma-2-2b,2,11114,lexicon,IVFPQ_nl4096_np64_m8,IVFPQ,4096,64,0,0,8,0.0,0.0,0.0,0.0,-22.137879,,2.625,2.573,3.234,12524.2,4072.67,8451.53,200138932,190.9
gemma-2-2b,3,6335,lexicon,IVFPQ_nl4096_np64_m8,IVFPQ,4096,64,0,0,8,0.0,0.0,0.0,0.1,-9.813801,,2.625,2.573,3.234,12524.2,4072.67,8451.53,200138932,190.9
gemma-2-2b,4,13295,lexicon,IVFPQ_nl4096_np64_m8,IVFPQ,4096,64,0,0,8,0.0,0.0,0.0,0.0,-26.510117,,2.625,2.573,3.234,12524.2,4072.67,8451.53,200138932,190.9
gemma-2-2b,5,6745,lexicon,IVFPQ_nl4096_np64_m8,IVFPQ,4096,64,0,0,8,0.1,0.0,0.03,0.0,-10.861446,-0.5,2.625,2.573,3.234,12524.2,4072.67,8451.53,200138932,190.9
gemma-2-2b,6,3447,lexicon,IVFPQ_nl4096_np64_m8,IVFPQ,4096,64,0,0,8,0.0,0.0,0.01,0.0,-9.787561,,2.625,2.573,3.234,12524.2,4072.67,8451.53,200138932,190.9
gemma-2-2b,7,12342,lexicon,IVFPQ_nl4096_np64_m8,IVFPQ,4096,64,0,0,8,0.0,0.0,0.15,0.0,-1.368523,-0.1179,2.625,2.573,3.234,12524.2,4072.67,8451.53,200138932,190.9
gemma-2-2b,8,6795,lexicon,IVFPQ_nl4096_np64_m8,IVFPQ,4096,64,0,0,8,0.0,0.0,0.0,0.0,-15.94174,,2.625,2.573,3.234,12524.2,4072.67,8451.53,200138932,190.9
gemma-2-2b,9,11221,lexicon,IVFPQ_nl4096_np64_m8,IVFPQ,4096,64,0,0,8,0.0,0.0,0.0,0.0,-8.434304,,2.625,2.573,3.234,12524.2,4072.67,8451.53,200138932,190.9
gemma-2-2b,10,6980,random,IVFPQ_nl4096_np64_m8,IVFPQ,4096,64,0,0,8,0.0,0.0,0.01,,-26.554835,,2.625,2.573,3.234,12524.2,4072.67,8451.53,200138932,190.9
gemma-2-2b,11,14956,random,IVFPQ_nl4096_np64_m8,IVFPQ,4096,64,0,0,8,0.0,0.0,0.01,,-15.349874,,2.625,2.573,3.234,12524.2,4072.67,8451.53,200138932,190.9
gemma-2-2b,12,13579,random,IVFPQ_nl4096_np64_m8,IVFPQ,4096,64,0,0,8,0.0,0.0,0.0,,-8.433311,,2.625,2.573,3.234,12524.2,4072.67,8451.53,200138932,190.9
gemma-2-2b,13,12106,random,IVFPQ_nl4096_np64_m8,IVFPQ,4096,64,0,0,8,0.0,0.0,0.01,,-9.13456,,2.625,2.573,3.234,12524.2,4072.67,8451.53,200138932,190.9
gemma-2-2b,14,5969,random,IVFPQ_nl4096_np64_m8,IVFPQ,4096,64,0,0,8,0.0,0.0,0.0,,-30.134198,,2.625,2.573,3.234,12524.2,4072.67,8451.53,200138932,190.9
gemma-2-2b,15,13591,random,IVFPQ_nl4096_np64_m8,IVFPQ,4096,64,0,0,8,0.0,0.0,0.0,,-9.303979,,2.625,2.573,3.234,12524.2,4072.67,8451.53,200138932,190.9
gemma-2-2b,16,6360,random,IVFPQ_nl4096_np64_m8,IVFPQ,4096,64,0,0,8,0.0,0.0,0.0,,-12.768547,,2.625,2.573,3.234,12524.2,4072.67,8451.53,200138932,190.9
gemma-2-2b,17,1418,random,IVFPQ_nl4096_np64_m8,IVFPQ,4096,64,0,0,8,0.0,0.0,0.0,,-22.01604,,2.625,2.573,3.234,12524.2,4072.67,8451.53,200138932,190.9
gemma-2-2b,18,2606,random,IVFPQ_nl4096_np64_m8,IVFPQ,4096,64,0,0,8,0.0,0.0,0.01,,-30.269916,,2.625,2.573,3.234,12524.2,4072.67,8451.53,200138932,190.9
gemma-2-2b,19,7712,random,IVFPQ_nl4096_np64_m8,IVFPQ,4096,64,0,0,8,0.0,0.0,0.0,,-6.179004,,2.625,2.573,3.234,12524.2,4072.67,8451.53,200138932,190.9
gemma-2-2b,0,10762,lexicon,IVFPQ_nl4096_np4_m16,IVFPQ,4096,4,0,0,16,0.0,0.0,0.1,0.0,-7.139294,-0.0667,1.582,1.6,1.795,12528.66,4072.36,8456.3,280137908,267.2
gemma-2-2b,1,6810,lexicon,IVFPQ_nl4096_np4_m16,IVFPQ,4096,4,0,0,16,0.1,0.0,0.15,0.0,-34.883324,-0.2214,1.582,1.6,1.795,12528.66,4072.36,8456.3,280137908,267.2
gemma-2-2b,2,11114,lexicon,IVFPQ_nl4096_np4_m16,IVFPQ,4096,4,0,0,16,0.0,0.0,0.01,0.8,-15.251925,,1.582,1.6,1.795,12528.66,4072.36,8456.3,280137908,267.2
gemma-2-2b,3,6335,lexicon,IVFPQ_nl4096_np4_m16,IVFPQ,4096,4,0,0,16,0.2,0.0,0.06,0.1,-7.188194,-0.2571,1.582,1.6,1.795,12528.66,4072.36,8456.3,280137908,267.2
gemma-2-2b,4,13295,lexicon,IVFPQ_nl4096_np4_m16,IVFPQ,4096,4,0,0,16,0.0,0.0,0.0,0.0,-23.981869,,1.582,1.6,1.795,12528.66,4072.36,8456.3,280137908,267.2
gemma-2-2b,5,6745,lexicon,IVFPQ_nl4096_np4_m16,IVFPQ,4096,4,0,0,16,0.0,0.0,0.01,0.0,-10.983837,,1.582,1.6,1.795,12528.66,4072.36,8456.3,280137908,267.2
gemma-2-2b,6,3447,lexicon,IVFPQ_nl4096_np4_m16,IVFPQ,4096,4,0,0,16,0.0,0.0,0.0,0.0,-13.294718,,1.582,1.6,1.795,12528.66,4072.36,8456.3,280137908,267.2
gemma-2-2b,7,12342,lexicon,IVFPQ_nl4096_np4_m16,IVFPQ,4096,4,0,0,16,0.0,0.0,0.15,0.0,-5.301891,-0.1179,1.582,1.6,1.795,12528.66,4072.36,8456.3,280137908,267.2
gemma-2-2b,8,6795,lexicon,IVFPQ_nl4096_np4_m16,IVFPQ,4096,4,0,0,16,0.1,0.1,0.02,0.0,-13.836508,,1.582,1.6,1.795,12528.66,4072.36,8456.3,280137908,267.2
gemma-2-2b,9,11221,lexicon,IVFPQ_nl4096_np4_m16,IVFPQ,4096,4,0,0,16,0.0,0.0,0.0,0.0,-8.80939,,1.582,1.6,1.795,12528.66,4072.36,8456.3,280137908,267.2
gemma-2-2b,10,6980,random,IVFPQ_nl4096_np4_m16,IVFPQ,4096,4,0,0,16,0.4,0.2,0.14,,-8.032732,0.3582,1.582,1.6,1.795,12528.66,4072.36,8456.3,280137908,267.2
gemma-2-2b,11,14956,random,IVFPQ_nl4096_np4_m16,IVFPQ,4096,4,0,0,16,0.0,0.0,0.0,,-15.179624,,1.582,1.6,1.795,12528.66,4072.36,8456.3,280137908,267.2
gemma-2-2b,12,13579,random,IVFPQ_nl4096_np4_m16,IVFPQ,4096,4,0,0,16,0.0,0.0,0.0,,-6.622687,,1.582,1.6,1.795,12528.66,4072.36,8456.3,280137908,267.2
gemma-2-2b,13,12106,random,IVFPQ_nl4096_np4_m16,IVFPQ,4096,4,0,0,16,0.0,0.0,0.0,,-8.897668,,1.582,1.6,1.795,12528.66,4072.36,8456.3,280137908,267.2
gemma-2-2b,14,5969,random,IVFPQ_nl4096_np4_m16,IVFPQ,4096,4,0,0,16,0.3,0.0,0.23,,-5.746624,-0.1403,1.582,1.6,1.795,12528.66,4072.36,8456.3,280137908,267.2
gemma-2-2b,15,13591,random,IVFPQ_nl4096_np4_m16,IVFPQ,4096,4,0,0,16,0.0,0.0,0.0,,-10.809897,,1.582,1.6,1.795,12528.66,4072.36,8456.3,280137908,267.2
gemma-2-2b,16,6360,random,IVFPQ_nl4096_np4_m16,IVFPQ,4096,4,0,0,16,0.0,0.0,0.0,,-11.163485,,1.582,1.6,1.795,12528.66,4072.36,8456.3,280137908,267.2
gemma-2-2b,17,1418,random,IVFPQ_nl4096_np4_m16,IVFPQ,4096,4,0,0,16,0.0,0.0,0.02,,-8.222979,,1.582,1.6,1.795,12528.66,4072.36,8456.3,280137908,267.2
gemma-2-2b,18,2606,random,IVFPQ_nl4096_np4_m16,IVFPQ,4096,4,0,0,16,0.4,0.1,0.36,,-5.899267,0.1274,1.582,1.6,1.795,12528.66,4072.36,8456.3,280137908,267.2
gemma-2-2b,19,7712,random,IVFPQ_nl4096_np4_m16,IVFPQ,4096,4,0,0,16,0.0,0.0,0.0,,-6.52721,,1.582,1.6,1.795,12528.66,4072.36,8456.3,280137908,267.2
gemma-2-2b,0,10762,lexicon,IVFPQ_nl4096_np16_m16,IVFPQ,4096,16,0,0,16,0.2,0.0,0.16,0.0,-6.342014,-0.1265,1.856,1.79,2.23,12528.66,4072.36,8456.3,280137908,267.2
gemma-2-2b,1,6810,lexicon,IVFPQ_nl4096_np16_m16,IVFPQ,4096,16,0,0,16,0.0,0.0,0.08,0.0,-39.453941,0.7143,1.856,1.79,2.23,12528.66,4072.36,8456.3,280137908,267.2
gemma-2-2b,2,11114,lexicon,IVFPQ_nl4096_np16_m16,IVFPQ,4096,16,0,0,16,0.0,0.0,0.0,0.0,-17.993637,,1.856,1.79,2.23,12528.66,4072.36,8456.3,280137908,267.2
gemma-2-2b,3,6335,lexicon,IVFPQ_nl4096_np16_m16,IVFPQ,4096,16,0,0,16,0.2,0.0,0.06,0.0,-6.301064,-0.2571,1.856,1.79,2.23,12528.66,4072.36,8456.3,280137908,267.2
gemma-2-2b,4,13295,lexicon,IVFPQ_nl4096_np16_m16,IVFPQ,4096,16,0,0,16,0.0,0.0,0.0,0.0,-22.083778,,1.856,1.79,2.23,12528.66,4072.36,8456.3,280137908,267.2
gemma-2-2b,5,6745,lexicon,IVFPQ_nl4096_np16_m16,IVFPQ,4096,16,0,0,16,0.1,0.0,0.03,0.0,-7.235975,-1.0,1.856,1.79,2.23,12528.66,4072.36,8456.3,280137908,267.2
gemma-2-2b,6,3447,lexicon,IVFPQ_nl4096_np16_m16,IVFPQ,4096,16,0,0,16,0.0,0.0,0.0,0.0,-10.881191,,1.856,1.79,2.23,12528.66,4072.36,8456.3,280137908,267.2
gemma-2-2b,7,12342,lexicon,IVFPQ_nl4096_np16_m16,IVFPQ,4096,16,0,0,16,0.0,0.0,0.1,0.0,-6.824268,-0.1758,1.856,1.79,2.23,12528.66,4072.36,8456.3,280137908,267.2
gemma-2-2b,8,6795,lexicon,IVFPQ_nl4096_np16_m16,IVFPQ,4096,16,0,0,16,0.1,0.1,0.02,0.0,-12.429008,,1.856,1.79,2.23,12528.66,4072.36,8456.3,280137908,267.2
gemma-2-2b,9,11221,lexicon,IVFPQ_nl4096_np16_m16,IVFPQ,4096,16,0,0,16,0.0,0.0,0.0,0.0,-9.503311,,1.856,1.79,2.23,12528.66,4072.36,8456.3,280137908,267.2
gemma-2-2b,10,6980,random,IVFPQ_nl4096_np16_m16,IVFPQ,4096,16,0,0,16,0.3,0.2,0.13,,-11.312981,0.4505,1.856,1.79,2.23,12528.66,4072.36,8456.3,280137908,267.2
gemma-2-2b,11,14956,random,IVFPQ_nl4096_np16_m16,IVFPQ,4096,16,0,0,16,0.0,0.0,0.0,,-16.834584,,1.856,1.79,2.23,12528.66,4072.36,8456.3,280137908,267.2
gemma-2-2b,12,13579,random,IVFPQ_nl4096_np16_m16,IVFPQ,4096,16,0,0,16,0.0,0.0,0.0,,-7.588938,,1.856,1.79,2.23,12528.66,4072.36,8456.3,280137908,267.2
gemma-2-2b,13,12106,random,IVFPQ_nl4096_np16_m16,IVFPQ,4096,16,0,0,16,0.0,0.0,0.0,,-9.523571,,1.856,1.79,2.23,12528.66,4072.36,8456.3,280137908,267.2
gemma-2-2b,14,5969,random,IVFPQ_nl4096_np16_m16,IVFPQ,4096,16,0,0,16,0.0,0.0,0.09,,-25.081867,-0.6333,1.856,1.79,2.23,12528.66,4072.36,8456.3,280137908,267.2
gemma-2-2b,15,13591,random,IVFPQ_nl4096_np16_m16,IVFPQ,4096,16,0,0,16,0.0,0.0,0.0,,-10.598896,,1.856,1.79,2.23,12528.66,4072.36,8456.3,280137908,267.2
gemma-2-2b,16,6360,random,IVFPQ_nl4096_np16_m16,IVFPQ,4096,16,0,0,16,0.0,0.0,0.0,,-12.234656,,1.856,1.79,2.23,12528.66,4072.36,8456.3,280137908,267.2
gemma-2-2b,17,1418,random,IVFPQ_nl4096_np16_m16,IVFPQ,4096,16,0,0,16,0.0,0.0,0.02,,-8.222979,,1.856,1.79,2.23,12528.66,4072.36,8456.3,280137908,267.2
gemma-2-2b,18,2606,random,IVFPQ_nl4096_np16_m16,IVFPQ,4096,16,0,0,16,0.2,0.1,0.28,,-5.899267,0.0536,1.856,1.79,2.23,12528.66,4072.36,8456.3,280137908,267.2
gemma-2-2b,19,7712,random,IVFPQ_nl4096_np16_m16,IVFPQ,4096,16,0,0,16,0.0,0.0,0.0,,-7.239492,,1.856,1.79,2.23,12528.66,4072.36,8456.3,280137908,267.2
gemma-2-2b,0,10762,lexicon,IVFPQ_nl4096_np64_m16,IVFPQ,4096,64,0,0,16,0.2,0.1,0.18,0.0,-7.140987,0.16,2.893,2.792,3.824,12528.66,4072.36,8456.3,280137908,267.2
gemma-2-2b,1,6810,lexicon,IVFPQ_nl4096_np64_m16,IVFPQ,4096,64,0,0,16,0.0,0.0,0.07,0.0,-39.453941,0.5714,2.893,2.792,3.824,12528.66,4072.36,8456.3,280137908,267.2
gemma-2-2b,2,11114,lexicon,IVFPQ_nl4096_np64_m16,IVFPQ,4096,64,0,0,16,0.0,0.0,0.0,0.0,-17.937387,,2.893,2.792,3.824,12528.66,4072.36,8456.3,280137908,267.2
gemma-2-2b,3,6335,lexicon,IVFPQ_nl4096_np64_m16,IVFPQ,4096,64,0,0,16,0.2,0.0,0.06,0.0,-6.301064,-0.2571,2.893,2.792,3.824,12528.66,4072.36,8456.3,280137908,267.2
gemma-2-2b,4,13295,lexicon,IVFPQ_nl4096_np64_m16,IVFPQ,4096,64,0,0,16,0.0,0.0,0.01,0.0,-22.288525,,2.893,2.792,3.824,12528.66,4072.36,8456.3,280137908,267.2
gemma-2-2b,5,6745,lexicon,IVFPQ_nl4096_np64_m16,IVFPQ,4096,64,0,0,16,0.0,0.0,0.05,0.0,-7.325237,-0.6,2.893,2.792,3.824,12528.66,4072.36,8456.3,280137908,267.2
gemma-2-2b,6,3447,lexicon,IVFPQ_nl4096_np64_m16,IVFPQ,4096,64,0,0,16,0.0,0.0,0.0,0.0,-13.592312,,2.893,2.792,3.824,12528.66,4072.36,8456.3,280137908,267.2
gemma-2-2b,7,12342,lexicon,IVFPQ_nl4096_np64_m16,IVFPQ,4096,64,0,0,16,0.0,0.0,0.1,0.0,-6.824268,-0.1758,2.893,2.792,3.824,12528.66,4072.36,8456.3,280137908,267.2
gemma-2-2b,8,6795,lexicon,IVFPQ_nl4096_np64_m16,IVFPQ,4096,64,0,0,16,0.1,0.0,0.01,0.0,-12.817446,,2.893,2.792,3.824,12528.66,4072.36,8456.3,280137908,267.2
gemma-2-2b,9,11221,lexicon,IVFPQ_nl4096_np64_m16,IVFPQ,4096,64,0,0,16,0.0,0.0,0.0,0.0,-9.578879,,2.893,2.792,3.824,12528.66,4072.36,8456.3,280137908,267.2
gemma-2-2b,10,6980,random,IVFPQ_nl4096_np64_m16,IVFPQ,4096,64,0,0,16,0.6,0.3,0.24,,-5.435368,0.2452,2.893,2.792,3.824,12528.66,4072.36,8456.3,280137908,267.2
gemma-2-2b,11,14956,random,IVFPQ_nl4096_np64_m16,IVFPQ,4096,64,0,0,16,0.0,0.0,0.01,,-15.923129,,2.893,2.792,3.824,12528.66,4072.36,8456.3,280137908,267.2
gemma-2-2b,12,13579,random,IVFPQ_nl4096_np64_m16,IVFPQ,4096,64,0,0,16,0.0,0.0,0.0,,-6.664511,,2.893,2.792,3.824,12528.66,4072.36,8456.3,280137908,267.2
gemma-2-2b,13,12106,random,IVFPQ_nl4096_np64_m16,IVFPQ,4096,64,0,0,16,0.0,0.0,0.0,,-9.802051,,2.893,2.792,3.824,12528.66,4072.36,8456.3,280137908,267.2
gemma-2-2b,14,5969,random,IVFPQ_nl4096_np64_m16,IVFPQ,4096,64,0,0,16,0.0,0.0,0.09,,-25.081867,-0.6333,2.893,2.792,3.824,12528.66,4072.36,8456.3,280137908,267.2
gemma-2-2b,15,13591,random,IVFPQ_nl4096_np64_m16,IVFPQ,4096,64,0,0,16,0.0,0.0,0.0,,-10.381776,,2.893,2.792,3.824,12528.66,4072.36,8456.3,280137908,267.2
gemma-2-2b,16,6360,random,IVFPQ_nl4096_np64_m16,IVFPQ,4096,64,0,0,16,0.0,0.0,0.0,,-12.224118,,2.893,2.792,3.824,12528.66,4072.36,8456.3,280137908,267.2
gemma-2-2b,17,1418,random,IVFPQ_nl4096_np64_m16,IVFPQ,4096,64,0,0,16,0.0,0.0,0.01,,-9.297233,,2.893,2.792,3.824,12528.66,4072.36,8456.3,280137908,267.2
gemma-2-2b,18,2606,random,IVFPQ_nl4096_np64_m16,IVFPQ,4096,64,0,0,16,0.4,0.1,0.29,,-5.355644,-0.1079,2.893,2.792,3.824,12528.66,4072.36,8456.3,280137908,267.2
gemma-2-2b,19,7712,random,IVFPQ_nl4096_np64_m16,IVFPQ,4096,64,0,0,16,0.0,0.0,0.0,,-5.359214,,2.893,2.792,3.824,12528.66,4072.36,8456.3,280137908,267.2
gemma-2-2b,0,10762,lexicon,IVFPQ_nl4096_np4_m32,IVFPQ,4096,4,0,0,32,0.0,0.0,0.1,0.0,-6.367466,-0.2727,1.713,1.739,1.895,12583.18,4080.05,8503.13,440135860,419.7
gemma-2-2b,1,6810,lexicon,IVFPQ_nl4096_np4_m32,IVFPQ,4096,4,0,0,32,0.1,0.0,0.13,0.0,-33.383141,0.3626,1.713,1.739,1.895,12583.18,4080.05,8503.13,440135860,419.7
gemma-2-2b,2,11114,lexicon,IVFPQ_nl4096_np4_m32,IVFPQ,4096,4,0,0,32,0.1,0.0,0.05,0.7,-11.251856,-0.7,1.713,1.739,1.895,12583.18,4080.05,8503.13,440135860,419.7
gemma-2-2b,3,6335,lexicon,IVFPQ_nl4096_np4_m32,IVFPQ,4096,4,0,0,32,0.0,0.0,0.01,0.0,-4.749004,,1.713,1.739,1.895,12583.18,4080.05,8503.13,440135860,419.7
gemma-2-2b,4,13295,lexicon,IVFPQ_nl4096_np4_m32,IVFPQ,4096,4,0,0,32,0.0,0.0,0.0,0.0,-23.534523,,1.713,1.739,1.895,12583.18,4080.05,8503.13,440135860,419.7
gemma-2-2b,5,6745,lexicon,IVFPQ_nl4096_np4_m32,IVFPQ,4096,4,0,0,32,0.0,0.0,0.01,0.0,-9.180836,,1.713,1.739,1.895,12583.18,4080.05,8503.13,440135860,419.7
gemma-2-2b,6,3447,lexicon,IVFPQ_nl4096_np4_m32,IVFPQ,4096,4,0,0,32,0.1,0.1,0.01,0.0,-9.522467,,1.713,1.739,1.895,12583.18,4080.05,8503.13,440135860,419.7
gemma-2-2b,7,12342,lexicon,IVFPQ_nl4096_np4_m32,IVFPQ,4096,4,0,0,32,0.0,0.0,0.0,0.0,-6.652561,,1.713,1.739,1.895,12583.18,4080.05,8503.13,440135860,419.7
gemma-2-2b,8,6795,lexicon,IVFPQ_nl4096_np4_m32,IVFPQ,4096,4,0,0,32,0.1,0.0,0.02,0.0,-13.426107,,1.713,1.739,1.895,12583.18,4080.05,8503.13,440135860,419.7
gemma-2-2b,9,11221,lexicon,IVFPQ_nl4096_np4_m32,IVFPQ,4096,4,0,0,32,0.0,0.0,0.0,0.0,-7.94762,,1.713,1.739,1.895,12583.18,4080.05,8503.13,440135860,419.7
gemma-2-2b,10,6980,random,IVFPQ_nl4096_np4_m32,IVFPQ,4096,4,0,0,32,0.4,0.1,0.26,,-9.574814,0.1665,1.713,1.739,1.895,12583.18,4080.05,8503.13,440135860,419.7
gemma-2-2b,11,14956,random,IVFPQ_nl4096_np4_m32,IVFPQ,4096,4,0,0,32,0.0,0.0,0.0,,-15.113384,,1.713,1.739,1.895,12583.18,4080.05,8503.13,440135860,419.7
gemma-2-2b,12,13579,random,IVFPQ_nl4096_np4_m32,IVFPQ,4096,4,0,0,32,0.0,0.0,0.0,,-7.202151,,1.713,1.739,1.895,12583.18,4080.05,8503.13,440135860,419.7
gemma-2-2b,13,12106,random,IVFPQ_nl4096_np4_m32,IVFPQ,4096,4,0,0,32,0.0,0.0,0.0,,-8.980668,,1.713,1.739,1.895,12583.18,4080.05,8503.13,440135860,419.7
gemma-2-2b,14,5969,random,IVFPQ_nl4096_np4_m32,IVFPQ,4096,4,0,0,32,0.2,0.0,0.33,,-5.285788,-0.2667,1.713,1.739,1.895,12583.18,4080.05,8503.13,440135860,419.7
gemma-2-2b,15,13591,random,IVFPQ_nl4096_np4_m32,IVFPQ,4096,4,0,0,32,0.0,0.0,0.0,,-9.511209,,1.713,1.739,1.895,12583.18,4080.05,8503.13,440135860,419.7
gemma-2-2b,16,6360,random,IVFPQ_nl4096_np4_m32,IVFPQ,4096,4,0,0,32,0.0,0.0,0.0,,-11.362401,,1.713,1.739,1.895,12583.18,4080.05,8503.13,440135860,419.7
gemma-2-2b,17,1418,random,IVFPQ_nl4096_np4_m32,IVFPQ,4096,4,0,0,32,0.1,0.0,0.03,,-8.387933,-1.0,1.713,1.739,1.895,12583.18,4080.05,8503.13,440135860,419.7
gemma-2-2b,18,2606,random,IVFPQ_nl4096_np4_m32,IVFPQ,4096,4,0,0,32,0.4,0.1,0.38,,-3.618429,0.1564,1.713,1.739,1.895,12583.18,4080.05,8503.13,440135860,419.7
gemma-2-2b,19,7712,random,IVFPQ_nl4096_np4_m32,IVFPQ,4096,4,0,0,32,0.0,0.0,0.0,,-6.817837,,1.713,1.739,1.895,12583.18,4080.05,8503.13,440135860,419.7
gemma-2-2b,0,10762,lexicon,IVFPQ_nl4096_np16_m32,IVFPQ,4096,16,0,0,32,0.2,0.2,0.21,0.0,-3.748344,0.5299,2.173,2.11,2.629,12583.18,4080.05,8503.13,440135860,419.7
gemma-2-2b,1,6810,lexicon,IVFPQ_nl4096_np16_m32,IVFPQ,4096,16,0,0,32,0.0,0.0,0.07,0.0,-38.095993,-0.6071,2.173,2.11,2.629,12583.18,4080.05,8503.13,440135860,419.7
gemma-2-2b,2,11114,lexicon,IVFPQ_nl4096_np16_m32,IVFPQ,4096,16,0,0,32,0.1,0.1,0.05,0.3,-14.381107,0.6,2.173,2.11,2.629,12583.18,4080.05,8503.13,440135860,419.7
gemma-2-2b,3,6335,lexicon,IVFPQ_nl4096_np16_m32,IVFPQ,4096,16,0,0,32,0.0,0.0,0.0,0.0,-4.558655,,2.173,2.11,2.629,12583.18,4080.05,8503.13,440135860,419.7
gemma-2-2b,4,13295,lexicon,IVFPQ_nl4096_np16_m32,IVFPQ,4096,16,0,0,32,0.0,0.0,0.0,0.0,-21.645683,,2.173,2.11,2.629,12583.18,4080.05,8503.13,440135860,419.7
gemma-2-2b,5,6745,lexicon,IVFPQ_nl4096_np16_m32,IVFPQ,4096,16,0,0,32,0.1,0.0,0.06,0.0,-6.538363,0.3714,2.173,2.11,2.629,12583.18,4080.05,8503.13,440135860,419.7
gemma-2-2b,6,3447,lexicon,IVFPQ_nl4096_np16_m32,IVFPQ,4096,16,0,0,32,0.1,0.1,0.01,0.0,-9.549789,,2.173,2.11,2.629,12583.18,4080.05,8503.13,440135860,419.7
gemma-2-2b,7,12342,lexicon,IVFPQ_nl4096_np16_m32,IVFPQ,4096,16,0,0,32,0.0,0.0,0.0,0.0,-6.280418,,2.173,2.11,2.629,12583.18,4080.05,8503.13,440135860,419.7
gemma-2-2b,8,6795,lexicon,IVFPQ_nl4096_np16_m32,IVFPQ,4096,16,0,0,32,0.1,0.0,0.03,0.0,-12.170618,-1.0,2.173,2.11,2.629,12583.18,4080.05,8503.13,440135860,419.7
gemma-2-2b,9,11221,lexicon,IVFPQ_nl4096_np16_m32,IVFPQ,4096,16,0,0,32,0.0,0.0,0.0,0.0,-8.342876,,2.173,2.11,2.629,12583.18,4080.05,8503.13,440135860,419.7
gemma-2-2b,10,6980,random,IVFPQ_nl4096_np16_m32,IVFPQ,4096,16,0,0,32,0.4,0.1,0.29,,-8.406876,0.1803,2.173,2.11,2.629,12583.18,4080.05,8503.13,440135860,419.7
gemma-2-2b,11,14956,random,IVFPQ_nl4096_np16_m32,IVFPQ,4096,16,0,0,32,0.0,0.0,0.0,,-16.310854,,2.173,2.11,2.629,12583.18,4080.05,8503.13,440135860,419.7
gemma-2-2b,12,13579,random,IVFPQ_nl4096_np16_m32,IVFPQ,4096,16,0,0,32,0.0,0.0,0.0,,-6.300052,,2.173,2.11,2.629,12583.18,4080.05,8503.13,440135860,419.7
gemma-2-2b,13,12106,random,IVFPQ_nl4096_np16_m32,IVFPQ,4096,16,0,0,32,0.0,0.0,0.0,,-8.916211,,2.173,2.11,2.629,12583.18,4080.05,8503.13,440135860,419.7
gemma-2-2b,14,5969,random,IVFPQ_nl4096_np16_m32,IVFPQ,4096,16,0,0,32,0.2,0.0,0.33,,-5.285788,-0.2667,2.173,2.11,2.629,12583.18,4080.05,8503.13,440135860,419.7
gemma-2-2b,15,13591,random,IVFPQ_nl4096_np16_m32,IVFPQ,4096,16,0,0,32,0.0,0.0,0.0,,-8.740498,,2.173,2.11,2.629,12583.18,4080.05,8503.13,440135860,419.7
gemma-2-2b,16,6360,random,IVFPQ_nl4096_np16_m32,IVFPQ,4096,16,0,0,32,0.0,0.0,0.02,,-10.411228,,2.173,2.11,2.629,12583.18,4080.05,8503.13,440135860,419.7
gemma-2-2b,17,1418,random,IVFPQ_nl4096_np16_m32,IVFPQ,4096,16,0,0,32,0.1,0.0,0.03,,-8.387933,-1.0,2.173,2.11,2.629,12583.18,4080.05,8503.13,440135860,419.7
gemma-2-2b,18,2606,random,IVFPQ_nl4096_np16_m32,IVFPQ,4096,16,0,0,32,0.4,0.1,0.38,,-3.618429,0.1564,2.173,2.11,2.629,12583.18,4080.05,8503.13,440135860,419.7
gemma-2-2b,19,7712,random,IVFPQ_nl4096_np16_m32,IVFPQ,4096,16,0,0,32,0.0,0.0,0.0,,-5.503255,,2.173,2.11,2.629,12583.18,4080.05,8503.13,440135860,419.7
gemma-2-2b,0,10762,lexicon,IVFPQ_nl4096_np64_m32,IVFPQ,4096,64,0,0,32,0.4,0.3,0.18,0.0,-3.358662,0.4902,3.72,3.619,5.126,12583.18,4080.05,8503.13,440135860,419.7
gemma-2-2b,1,6810,lexicon,IVFPQ_nl4096_np64_m32,IVFPQ,4096,64,0,0,32,0.0,0.0,0.08,0.0,-38.402588,-0.0714,3.72,3.619,5.126,12583.18,4080.05,8503.13,440135860,419.7
gemma-2-2b,2,11114,lexicon,IVFPQ_nl4096_np64_m32,IVFPQ,4096,64,0,0,32,0.1,0.0,0.05,0.1,-15.536732,0.6,3.72,3.619,5.126,12583.18,4080.05,8503.13,440135860,419.7
gemma-2-2b,3,6335,lexicon,IVFPQ_nl4096_np64_m32,IVFPQ,4096,64,0,0,32,0.0,0.0,0.0,0.0,-4.558655,,3.72,3.619,5.126,12583.18,4080.05,8503.13,440135860,419.7
gemma-2-2b,4,13295,lexicon,IVFPQ_nl4096_np64_m32,IVFPQ,4096,64,0,0,32,0.0,0.0,0.01,0.0,-22.193241,,3.72,3.619,5.126,12583.18,4080.05,8503.13,440135860,419.7
gemma-2-2b,5,6745,lexicon,IVFPQ_nl4096_np64_m32,IVFPQ,4096,64,0,0,32,0.1,0.0,0.1,0.0,-5.658291,-0.2364,3.72,3.619,5.126,12583.18,4080.05,8503.13,440135860,419.7
gemma-2-2b,6,3447,lexicon,IVFPQ_nl4096_np64_m32,IVFPQ,4096,64,0,0,32,0.1,0.1,0.01,0.0,-9.931162,,3.72,3.619,5.126,12583.18,4080.05,8503.13,440135860,419.7
gemma-2-2b,7,12342,lexicon,IVFPQ_nl4096_np64_m32,IVFPQ,4096,64,0,0,32,0.0,0.0,0.0,0.0,-6.280418,,3.72,3.619,5.126,12583.18,4080.05,8503.13,440135860,419.7
gemma-2-2b,8,6795,lexicon,IVFPQ_nl4096_np64_m32,IVFPQ,4096,64,0,0,32,0.0,0.0,0.02,0.0,-13.061151,,3.72,3.619,5.126,12583.18,4080.05,8503.13,440135860,419.7
gemma-2-2b,9,11221,lexicon,IVFPQ_nl4096_np64_m32,IVFPQ,4096,64,0,0,32,0.0,0.0,0.0,0.0,-7.923084,,3.72,3.619,5.126,12583.18,4080.05,8503.13,440135860,419.7
gemma-2-2b,10,6980,random,IVFPQ_nl4096_np64_m32,IVFPQ,4096,64,0,0,32,0.8,0.0,0.52,,-10.790514,0.2528,3.72,3.619,5.126,12583.18,4080.05,8503.13,440135860,419.7
gemma-2-2b,11,14956,random,IVFPQ_nl4096_np64_m32,IVFPQ,4096,64,0,0,32,0.0,0.0,0.01,,-17.149531,,3.72,3.619,5.126,12583.18,4080.05,8503.13,440135860,419.7
gemma-2-2b,12,13579,random,IVFPQ_nl4096_np64_m32,IVFPQ,4096,64,0,0,32,0.0,0.0,0.0,,-6.036636,,3.72,3.619,5.126,12583.18,4080.05,8503.13,440135860,419.7
gemma-2-2b,13,12106,random,IVFPQ_nl4096_np64_m32,IVFPQ,4096,64,0,0,32,0.0,0.0,0.0,,-9.205765,,3.72,3.619,5.126,12583.18,4080.05,8503.13,440135860,419.7
gemma-2-2b,14,5969,random,IVFPQ_nl4096_np64_m32,IVFPQ,4096,64,0,0,32,0.2,0.0,0.33,,-5.285788,-0.2667,3.72,3.619,5.126,12583.18,4080.05,8503.13,440135860,419.7
gemma-2-2b,15,13591,random,IVFPQ_nl4096_np64_m32,IVFPQ,4096,64,0,0,32,0.0,0.0,0.0,,-9.373595,,3.72,3.619,5.126,12583.18,4080.05,8503.13,440135860,419.7
gemma-2-2b,16,6360,random,IVFPQ_nl4096_np64_m32,IVFPQ,4096,64,0,0,32,0.0,0.0,0.0,,-10.366182,,3.72,3.619,5.126,12583.18,4080.05,8503.13,440135860,419.7
gemma-2-2b,17,1418,random,IVFPQ_nl4096_np64_m32,IVFPQ,4096,64,0,0,32,0.0,0.0,0.02,,-9.602934,,3.72,3.619,5.126,12583.18,4080.05,8503.13,440135860,419.7
gemma-2-2b,18,2606,random,IVFPQ_nl4096_np64_m32,IVFPQ,4096,64,0,0,32,0.7,0.3,0.54,,-2.553604,0.1952,3.72,3.619,5.126,12583.18,4080.05,8503.13,440135860,419.7
gemma-2-2b,19,7712,random,IVFPQ_nl4096_np64_m32,IVFPQ,4096,64,0,0,32,0.0,0.0,0.0,,-5.006027,,3.72,3.619,5.126,12583.18,4080.05,8503.13,440135860,419.7
gemma-2-2b,0,10762,lexicon,HNSW_M16_ef64,HNSWFlat,0,0,16,64,0,0.8,0.8,0.44,0.0,-0.147816,1.0,1.101,1.021,1.691,2831.41,0.0,2831.41,93601519482,89265.4
gemma-2-2b,1,6810,lexicon,HNSW_M16_ef64,HNSWFlat,0,0,16,64,0,0.1,0.1,0.02,0.0,-32.557526,,1.101,1.021,1.691,2831.41,0.0,2831.41,93601519482,89265.4
gemma-2-2b,2,11114,lexicon,HNSW_M16_ef64,HNSWFlat,0,0,16,64,0,0.0,0.0,0.0,0.0,-14.083382,,1.101,1.021,1.691,2831.41,0.0,2831.41,93601519482,89265.4
gemma-2-2b,3,6335,lexicon,HNSW_M16_ef64,HNSWFlat,0,0,16,64,0,0.0,0.0,0.01,0.0,-4.523167,,1.101,1.021,1.691,2831.41,0.0,2831.41,93601519482,89265.4
gemma-2-2b,4,13295,lexicon,HNSW_M16_ef64,HNSWFlat,0,0,16,64,0,0.6,0.6,0.3,0.0,-0.673889,1.0,1.101,1.021,1.691,2831.41,0.0,2831.41,93601519482,89265.4
gemma-2-2b,5,6745,lexicon,HNSW_M16_ef64,HNSWFlat,0,0,16,64,0,0.2,0.2,0.14,0.0,-1.838406,1.0,1.101,1.021,1.691,2831.41,0.0,2831.41,93601519482,89265.4
gemma-2-2b,6,3447,lexicon,HNSW_M16_ef64,HNSWFlat,0,0,16,64,0,0.0,0.0,0.03,0.0,-4.772224,1.0,1.101,1.021,1.691,2831.41,0.0,2831.41,93601519482,89265.4
gemma-2-2b,7,12342,lexicon,HNSW_M16_ef64,HNSWFlat,0,0,16,64,0,0.3,0.3,0.17,0.0,-0.80822,0.5858,1.101,1.021,1.691,2831.41,0.0,2831.41,93601519482,89265.4
gemma-2-2b,8,6795,lexicon,HNSW_M16_ef64,HNSWFlat,0,0,16,64,0,0.0,0.0,0.01,0.0,-4.42041,,1.101,1.021,1.691,2831.41,0.0,2831.41,93601519482,89265.4
gemma-2-2b,9,11221,lexicon,HNSW_M16_ef64,HNSWFlat,0,0,16,64,0,0.0,0.0,0.0,0.0,-5.530056,,1.101,1.021,1.691,2831.41,0.0,2831.41,93601519482,89265.4
gemma-2-2b,10,6980,random,HNSW_M16_ef64,HNSWFlat,0,0,16,64,0,0.0,0.0,0.0,,-37.0179,,1.101,1.021,1.691,2831.41,0.0,2831.41,93601519482,89265.4
gemma-2-2b,11,14956,random,HNSW_M16_ef64,HNSWFlat,0,0,16,64,0,0.1,0.1,0.11,,-3.428142,1.0,1.101,1.021,1.691,2831.41,0.0,2831.41,93601519482,89265.4
gemma-2-2b,12,13579,random,HNSW_M16_ef64,HNSWFlat,0,0,16,64,0,0.1,0.1,0.01,,-3.936177,,1.101,1.021,1.691,2831.41,0.0,2831.41,93601519482,89265.4
gemma-2-2b,13,12106,random,HNSW_M16_ef64,HNSWFlat,0,0,16,64,0,0.0,0.0,0.04,,-3.917121,1.0,1.101,1.021,1.691,2831.41,0.0,2831.41,93601519482,89265.4
gemma-2-2b,14,5969,random,HNSW_M16_ef64,HNSWFlat,0,0,16,64,0,0.0,0.0,0.0,,-25.491068,,1.101,1.021,1.691,2831.41,0.0,2831.41,93601519482,89265.4
gemma-2-2b,15,13591,random,HNSW_M16_ef64,HNSWFlat,0,0,16,64,0,0.0,0.0,0.0,,-7.440631,,1.101,1.021,1.691,2831.41,0.0,2831.41,93601519482,89265.4
gemma-2-2b,16,6360,random,HNSW_M16_ef64,HNSWFlat,0,0,16,64,0,0.1,0.1,0.03,,-5.241359,1.0,1.101,1.021,1.691,2831.41,0.0,2831.41,93601519482,89265.4
gemma-2-2b,17,1418,random,HNSW_M16_ef64,HNSWFlat,0,0,16,64,0,0.0,0.0,0.0,,-6.943268,,1.101,1.021,1.691,2831.41,0.0,2831.41,93601519482,89265.4
gemma-2-2b,18,2606,random,HNSW_M16_ef64,HNSWFlat,0,0,16,64,0,0.0,0.0,0.0,,-21.018595,,1.101,1.021,1.691,2831.41,0.0,2831.41,93601519482,89265.4
gemma-2-2b,19,7712,random,HNSW_M16_ef64,HNSWFlat,0,0,16,64,0,0.0,0.0,0.06,,-1.380809,1.0,1.101,1.021,1.691,2831.41,0.0,2831.41,93601519482,89265.4
gemma-2-2b,0,10762,lexicon,HNSW_M16_ef128,HNSWFlat,0,0,16,128,0,0.8,0.8,0.6,0.0,-0.147816,1.0,1.583,1.418,2.432,2831.41,0.0,2831.41,93601519482,89265.4
gemma-2-2b,1,6810,lexicon,HNSW_M16_ef128,HNSWFlat,0,0,16,128,0,0.1,0.1,0.02,0.0,-32.557526,,1.583,1.418,2.432,2831.41,0.0,2831.41,93601519482,89265.4
gemma-2-2b,2,11114,lexicon,HNSW_M16_ef128,HNSWFlat,0,0,16,128,0,0.0,0.0,0.0,0.0,-13.240965,,1.583,1.418,2.432,2831.41,0.0,2831.41,93601519482,89265.4
gemma-2-2b,3,6335,lexicon,HNSW_M16_ef128,HNSWFlat,0,0,16,128,0,0.0,0.0,0.01,0.0,-4.523167,,1.583,1.418,2.432,2831.41,0.0,2831.41,93601519482,89265.4
gemma-2-2b,4,13295,lexicon,HNSW_M16_ef128,HNSWFlat,0,0,16,128,0,0.6,0.6,0.3,0.0,-0.673889,1.0,1.583,1.418,2.432,2831.41,0.0,2831.41,93601519482,89265.4
gemma-2-2b,5,6745,lexicon,HNSW_M16_ef128,HNSWFlat,0,0,16,128,0,0.2,0.2,0.16,0.0,-1.517292,1.0,1.583,1.418,2.432,2831.41,0.0,2831.41,93601519482,89265.4
gemma-2-2b,6,3447,lexicon,HNSW_M16_ef128,HNSWFlat,0,0,16,128,0,0.0,0.0,0.05,0.0,-3.81642,1.0,1.583,1.418,2.432,2831.41,0.0,2831.41,93601519482,89265.4
gemma-2-2b,7,12342,lexicon,HNSW_M16_ef128,HNSWFlat,0,0,16,128,0,0.3,0.3,0.17,0.0,-0.80822,0.5858,1.583,1.418,2.432,2831.41,0.0,2831.41,93601519482,89265.4
gemma-2-2b,8,6795,lexicon,HNSW_M16_ef128,HNSWFlat,0,0,16,128,0,0.0,0.0,0.02,0.0,-4.05958,,1.583,1.418,2.432,2831.41,0.0,2831.41,93601519482,89265.4
gemma-2-2b,9,11221,lexicon,HNSW_M16_ef128,HNSWFlat,0,0,16,128,0,0.0,0.0,0.0,0.0,-4.450983,,1.583,1.418,2.432,2831.41,0.0,2831.41,93601519482,89265.4
gemma-2-2b,10,6980,random,HNSW_M16_ef128,HNSWFlat,0,0,16,128,0,0.0,0.0,0.0,,-36.940093,,1.583,1.418,2.432,2831.41,0.0,2831.41,93601519482,89265.4
gemma-2-2b,11,14956,random,HNSW_M16_ef128,HNSWFlat,0,0,16,128,0,0.1,0.1,0.11,,-3.428142,1.0,1.583,1.418,2.432,2831.41,0.0,2831.41,93601519482,89265.4
gemma-2-2b,12,13579,random,HNSW_M16_ef128,HNSWFlat,0,0,16,128,0,0.1,0.1,0.01,,-2.7394,,1.583,1.418,2.432,2831.41,0.0,2831.41,93601519482,89265.4
gemma-2-2b,13,12106,random,HNSW_M16_ef128,HNSWFlat,0,0,16,128,0,0.0,0.0,0.06,,-3.297115,1.0,1.583,1.418,2.432,2831.41,0.0,2831.41,93601519482,89265.4
gemma-2-2b,14,5969,random,HNSW_M16_ef128,HNSWFlat,0,0,16,128,0,0.0,0.0,0.0,,-23.252181,,1.583,1.418,2.432,2831.41,0.0,2831.41,93601519482,89265.4
gemma-2-2b,15,13591,random,HNSW_M16_ef128,HNSWFlat,0,0,16,128,0,0.0,0.0,0.01,,-5.195573,,1.583,1.418,2.432,2831.41,0.0,2831.41,93601519482,89265.4
gemma-2-2b,16,6360,random,HNSW_M16_ef128,HNSWFlat,0,0,16,128,0,0.1,0.1,0.07,,-3.236512,1.0,1.583,1.418,2.432,2831.41,0.0,2831.41,93601519482,89265.4
gemma-2-2b,17,1418,random,HNSW_M16_ef128,HNSWFlat,0,0,16,128,0,0.0,0.0,0.0,,-6.943268,,1.583,1.418,2.432,2831.41,0.0,2831.41,93601519482,89265.4
gemma-2-2b,18,2606,random,HNSW_M16_ef128,HNSWFlat,0,0,16,128,0,0.0,0.0,0.0,,-20.26374,,1.583,1.418,2.432,2831.41,0.0,2831.41,93601519482,89265.4
gemma-2-2b,19,7712,random,HNSW_M16_ef128,HNSWFlat,0,0,16,128,0,0.0,0.0,0.07,,-1.337838,1.0,1.583,1.418,2.432,2831.41,0.0,2831.41,93601519482,89265.4
gemma-2-2b,0,10762,lexicon,HNSW_M16_ef256,HNSWFlat,0,0,16,256,0,0.9,0.9,0.71,0.0,-0.001019,1.0,2.348,2.024,3.73,2831.41,0.0,2831.41,93601519482,89265.4
gemma-2-2b,1,6810,lexicon,HNSW_M16_ef256,HNSWFlat,0,0,16,256,0,0.1,0.1,0.02,0.0,-32.557526,,2.348,2.024,3.73,2831.41,0.0,2831.41,93601519482,89265.4
gemma-2-2b,2,11114,lexicon,HNSW_M16_ef256,HNSWFlat,0,0,16,256,0,0.0,0.0,0.0,0.0,-12.542503,,2.348,2.024,3.73,2831.41,0.0,2831.41,93601519482,89265.4
gemma-2-2b,3,6335,lexicon,HNSW_M16_ef256,HNSWFlat,0,0,16,256,0,0.0,0.0,0.01,0.0,-4.033997,,2.348,2.024,3.73,2831.41,0.0,2831.41,93601519482,89265.4
gemma-2-2b,4,13295,lexicon,HNSW_M16_ef256,HNSWFlat,0,0,16,256,0,0.6,0.6,0.3,0.0,-0.673889,1.0,2.348,2.024,3.73,2831.41,0.0,2831.41,93601519482,89265.4
gemma-2-2b,5,6745,lexicon,HNSW_M16_ef256,HNSWFlat,0,0,16,256,0,0.2,0.2,0.19,0.0,-1.513847,1.0,2.348,2.024,3.73,2831.41,0.0,2831.41,93601519482,89265.4
gemma-2-2b,6,3447,lexicon,HNSW_M16_ef256,HNSWFlat,0,0,16,256,0,0.1,0.1,0.1,0.0,-2.719225,1.0,2.348,2.024,3.73,2831.41,0.0,2831.41,93601519482,89265.4
gemma-2-2b,7,12342,lexicon,HNSW_M16_ef256,HNSWFlat,0,0,16,256,0,0.3,0.3,0.17,0.0,-0.80822,0.5858,2.348,2.024,3.73,2831.41,0.0,2831.41,93601519482,89265.4
gemma-2-2b,8,6795,lexicon,HNSW_M16_ef256,HNSWFlat,0,0,16,256,0,0.0,0.0,0.03,0.0,-3.783894,1.0,2.348,2.024,3.73,2831.41,0.0,2831.41,93601519482,89265.4
gemma-2-2b,9,11221,lexicon,HNSW_M16_ef256,HNSWFlat,0,0,16,256,0,0.0,0.0,0.0,0.0,-4.239668,,2.348,2.024,3.73,2831.41,0.0,2831.41,93601519482,89265.4
gemma-2-2b,10,6980,random,HNSW_M16_ef256,HNSWFlat,0,0,16,256,0,0.0,0.0,0.0,,-35.84803,,2.348,2.024,3.73,2831.41,0.0,2831.41,93601519482,89265.4
gemma-2-2b,11,14956,random,HNSW_M16_ef256,HNSWFlat,0,0,16,256,0,0.1,0.1,0.15,,-3.373398,1.0,2.348,2.024,3.73,2831.41,0.0,2831.41,93601519482,89265.4
gemma-2-2b,12,13579,random,HNSW_M16_ef256,HNSWFlat,0,0,16,256,0,0.1,0.1,0.01,,-2.4979,,2.348,2.024,3.73,2831.41,0.0,2831.41,93601519482,89265.4
gemma-2-2b,13,12106,random,HNSW_M16_ef256,HNSWFlat,0,0,16,256,0,0.0,0.0,0.06,,-3.297115,1.0,2.348,2.024,3.73,2831.41,0.0,2831.41,93601519482,89265.4
gemma-2-2b,14,5969,random,HNSW_M16_ef256,HNSWFlat,0,0,16,256,0,0.0,0.0,0.0,,-21.067263,,2.348,2.024,3.73,2831.41,0.0,2831.41,93601519482,89265.4
gemma-2-2b,15,13591,random,HNSW_M16_ef256,HNSWFlat,0,0,16,256,0,0.2,0.2,0.05,,-3.22467,1.0,2.348,2.024,3.73,2831.41,0.0,2831.41,93601519482,89265.4
gemma-2-2b,16,6360,random,HNSW_M16_ef256,HNSWFlat,0,0,16,256,0,0.2,0.2,0.09,,-2.431815,1.0,2.348,2.024,3.73,2831.41,0.0,2831.41,93601519482,89265.4
gemma-2-2b,17,1418,random,HNSW_M16_ef256,HNSWFlat,0,0,16,256,0,0.0,0.0,0.0,,-4.780861,,2.348,2.024,3.73,2831.41,0.0,2831.41,93601519482,89265.4
gemma-2-2b,18,2606,random,HNSW_M16_ef256,HNSWFlat,0,0,16,256,0,0.0,0.0,0.0,,-15.364399,,2.348,2.024,3.73,2831.41,0.0,2831.41,93601519482,89265.4
gemma-2-2b,19,7712,random,HNSW_M16_ef256,HNSWFlat,0,0,16,256,0,0.0,0.0,0.08,,-1.331504,1.0,2.348,2.024,3.73,2831.41,0.0,2831.41,93601519482,89265.4
gemma-2-2b,0,10762,lexicon,HNSW_M32_ef64,HNSWFlat,0,0,32,64,0,0.8,0.8,0.47,0.0,-0.147816,1.0,1.335,1.185,2.312,4490.27,0.0,4490.27,94880077410,90484.7
gemma-2-2b,1,6810,lexicon,HNSW_M32_ef64,HNSWFlat,0,0,32,64,0,0.1,0.1,0.06,0.0,-21.363861,1.0,1.335,1.185,2.312,4490.27,0.0,4490.27,94880077410,90484.7
gemma-2-2b,2,11114,lexicon,HNSW_M32_ef64,HNSWFlat,0,0,32,64,0,0.0,0.0,0.0,0.0,-13.376814,,1.335,1.185,2.312,4490.27,0.0,4490.27,94880077410,90484.7
gemma-2-2b,3,6335,lexicon,HNSW_M32_ef64,HNSWFlat,0,0,32,64,0,0.0,0.0,0.0,0.0,-6.154274,,1.335,1.185,2.312,4490.27,0.0,4490.27,94880077410,90484.7
gemma-2-2b,4,13295,lexicon,HNSW_M32_ef64,HNSWFlat,0,0,32,64,0,0.6,0.6,0.51,0.0,-0.673889,1.0,1.335,1.185,2.312,4490.27,0.0,4490.27,94880077410,90484.7
gemma-2-2b,5,6745,lexicon,HNSW_M32_ef64,HNSWFlat,0,0,32,64,0,0.3,0.3,0.17,0.0,-1.309319,1.0,1.335,1.185,2.312,4490.27,0.0,4490.27,94880077410,90484.7
gemma-2-2b,6,3447,lexicon,HNSW_M32_ef64,HNSWFlat,0,0,32,64,0,0.1,0.1,0.02,0.0,-4.284344,,1.335,1.185,2.312,4490.27,0.0,4490.27,94880077410,90484.7
gemma-2-2b,7,12342,lexicon,HNSW_M32_ef64,HNSWFlat,0,0,32,64,0,0.0,0.0,0.14,0.0,-1.368523,0.2571,1.335,1.185,2.312,4490.27,0.0,4490.27,94880077410,90484.7
gemma-2-2b,8,6795,lexicon,HNSW_M32_ef64,HNSWFlat,0,0,32,64,0,0.0,0.0,0.04,0.0,-3.653748,1.0,1.335,1.185,2.312,4490.27,0.0,4490.27,94880077410,90484.7
gemma-2-2b,9,11221,lexicon,HNSW_M32_ef64,HNSWFlat,0,0,32,64,0,0.0,0.0,0.01,0.0,-4.054148,,1.335,1.185,2.312,4490.27,0.0,4490.27,94880077410,90484.7
gemma-2-2b,10,6980,random,HNSW_M32_ef64,HNSWFlat,0,0,32,64,0,0.0,0.0,0.0,,-30.548854,,1.335,1.185,2.312,4490.27,0.0,4490.27,94880077410,90484.7
gemma-2-2b,11,14956,random,HNSW_M32_ef64,HNSWFlat,0,0,32,64,0,0.1,0.1,0.02,,-6.939346,,1.335,1.185,2.312,4490.27,0.0,4490.27,94880077410,90484.7
gemma-2-2b,12,13579,random,HNSW_M32_ef64,HNSWFlat,0,0,32,64,0,0.1,0.1,0.01,,-4.073716,,1.335,1.185,2.312,4490.27,0.0,4490.27,94880077410,90484.7
gemma-2-2b,13,12106,random,HNSW_M32_ef64,HNSWFlat,0,0,32,64,0,0.0,0.0,0.0,,-7.31054,,1.335,1.185,2.312,4490.27,0.0,4490.27,94880077410,90484.7
gemma-2-2b,14,5969,random,HNSW_M32_ef64,HNSWFlat,0,0,32,64,0,0.0,0.0,0.0,,-24.877176,,1.335,1.185,2.312,4490.27,0.0,4490.27,94880077410,90484.7
gemma-2-2b,15,13591,random,HNSW_M32_ef64,HNSWFlat,0,0,32,64,0,0.0,0.0,0.0,,-7.574306,,1.335,1.185,2.312,4490.27,0.0,4490.27,94880077410,90484.7
gemma-2-2b,16,6360,random,HNSW_M32_ef64,HNSWFlat,0,0,32,64,0,0.0,0.0,0.07,,-3.578948,1.0,1.335,1.185,2.312,4490.27,0.0,4490.27,94880077410,90484.7
gemma-2-2b,17,1418,random,HNSW_M32_ef64,HNSWFlat,0,0,32,64,0,0.0,0.0,0.0,,-8.339094,,1.335,1.185,2.312,4490.27,0.0,4490.27,94880077410,90484.7
gemma-2-2b,18,2606,random,HNSW_M32_ef64,HNSWFlat,0,0,32,64,0,0.0,0.0,0.0,,-16.621807,,1.335,1.185,2.312,4490.27,0.0,4490.27,94880077410,90484.7
gemma-2-2b,19,7712,random,HNSW_M32_ef64,HNSWFlat,0,0,32,64,0,0.0,0.0,0.08,,-1.3062,1.0,1.335,1.185,2.312,4490.27,0.0,4490.27,94880077410,90484.7
gemma-2-2b,0,10762,lexicon,HNSW_M32_ef128,HNSWFlat,0,0,32,128,0,0.9,0.9,0.57,0.0,-0.001019,1.0,1.856,1.71,3.127,4490.27,0.0,4490.27,94880077410,90484.7
gemma-2-2b,1,6810,lexicon,HNSW_M32_ef128,HNSWFlat,0,0,32,128,0,0.1,0.1,0.06,0.0,-21.363861,1.0,1.856,1.71,3.127,4490.27,0.0,4490.27,94880077410,90484.7
gemma-2-2b,2,11114,lexicon,HNSW_M32_ef128,HNSWFlat,0,0,32,128,0,0.0,0.0,0.01,1.0,-9.429262,,1.856,1.71,3.127,4490.27,0.0,4490.27,94880077410,90484.7
gemma-2-2b,3,6335,lexicon,HNSW_M32_ef128,HNSWFlat,0,0,32,128,0,0.0,0.0,0.0,0.0,-5.323845,,1.856,1.71,3.127,4490.27,0.0,4490.27,94880077410,90484.7
gemma-2-2b,4,13295,lexicon,HNSW_M32_ef128,HNSWFlat,0,0,32,128,0,0.6,0.6,0.52,0.0,-0.673889,1.0,1.856,1.71,3.127,4490.27,0.0,4490.27,94880077410,90484.7
gemma-2-2b,5,6745,lexicon,HNSW_M32_ef128,HNSWFlat,0,0,32,128,0,0.3,0.3,0.2,0.0,-1.188036,1.0,1.856,1.71,3.127,4490.27,0.0,4490.27,94880077410,90484.7
gemma-2-2b,6,3447,lexicon,HNSW_M32_ef128,HNSWFlat,0,0,32,128,0,0.1,0.1,0.02,0.0,-4.284344,,1.856,1.71,3.127,4490.27,0.0,4490.27,94880077410,90484.7
gemma-2-2b,7,12342,lexicon,HNSW_M32_ef128,HNSWFlat,0,0,32,128,0,0.0,0.0,0.14,0.0,-1.368523,0.2571,1.856,1.71,3.127,4490.27,0.0,4490.27,94880077410,90484.7
gemma-2-2b,8,6795,lexicon,HNSW_M32_ef128,HNSWFlat,0,0,32,128,0,0.0,0.0,0.06,0.0,-3.197952,1.0,1.856,1.71,3.127,4490.27,0.0,4490.27,94880077410,90484.7
gemma-2-2b,9,11221,lexicon,HNSW_M32_ef128,HNSWFlat,0,0,32,128,0,0.0,0.0,0.01,0.0,-3.924688,,1.856,1.71,3.127,4490.27,0.0,4490.27,94880077410,90484.7
gemma-2-2b,10,6980,random,HNSW_M32_ef128,HNSWFlat,0,0,32,128,0,0.8,0.8,0.67,,-0.019886,1.0,1.856,1.71,3.127,4490.27,0.0,4490.27,94880077410,90484.7
gemma-2-2b,11,14956,random,HNSW_M32_ef128,HNSWFlat,0,0,32,128,0,0.1,0.1,0.02,,-6.864002,,1.856,1.71,3.127,4490.27,0.0,4490.27,94880077410,90484.7
gemma-2-2b,12,13579,random,HNSW_M32_ef128,HNSWFlat,0,0,32,128,0,0.1,0.1,0.05,,-1.780372,1.0,1.856,1.71,3.127,4490.27,0.0,4490.27,94880077410,90484.7
gemma-2-2b,13,12106,random,HNSW_M32_ef128,HNSWFlat,0,0,32,128,0,0.0,0.0,0.0,,-5.360433,,1.856,1.71,3.127,4490.27,0.0,4490.27,94880077410,90484.7
gemma-2-2b,14,5969,random,HNSW_M32_ef128,HNSWFlat,0,0,32,128,0,0.0,0.0,0.0,,-22.390345,,1.856,1.71,3.127,4490.27,0.0,4490.27,94880077410,90484.7
gemma-2-2b,15,13591,random,HNSW_M32_ef128,HNSWFlat,0,0,32,128,0,0.0,0.0,0.0,,-7.009917,,1.856,1.71,3.127,4490.27,0.0,4490.27,94880077410,90484.7
gemma-2-2b,16,6360,random,HNSW_M32_ef128,HNSWFlat,0,0,32,128,0,0.0,0.0,0.08,,-3.402843,1.0,1.856,1.71,3.127,4490.27,0.0,4490.27,94880077410,90484.7
gemma-2-2b,17,1418,random,HNSW_M32_ef128,HNSWFlat,0,0,32,128,0,0.0,0.0,0.0,,-8.074266,,1.856,1.71,3.127,4490.27,0.0,4490.27,94880077410,90484.7
gemma-2-2b,18,2606,random,HNSW_M32_ef128,HNSWFlat,0,0,32,128,0,0.0,0.0,0.0,,-14.2323,,1.856,1.71,3.127,4490.27,0.0,4490.27,94880077410,90484.7
gemma-2-2b,19,7712,random,HNSW_M32_ef128,HNSWFlat,0,0,32,128,0,0.0,0.0,0.08,,-1.3062,1.0,1.856,1.71,3.127,4490.27,0.0,4490.27,94880077410,90484.7
gemma-2-2b,0,10762,lexicon,HNSW_M32_ef256,HNSWFlat,0,0,32,256,0,0.9,0.9,0.73,0.0,-0.001019,1.0,2.852,2.528,5.049,4490.27,0.0,4490.27,94880077410,90484.7
gemma-2-2b,1,6810,lexicon,HNSW_M32_ef256,HNSWFlat,0,0,32,256,0,0.1,0.1,0.06,0.0,-21.363861,1.0,2.852,2.528,5.049,4490.27,0.0,4490.27,94880077410,90484.7
gemma-2-2b,2,11114,lexicon,HNSW_M32_ef256,HNSWFlat,0,0,32,256,0,0.0,0.0,0.01,1.0,-9.129622,,2.852,2.528,5.049,4490.27,0.0,4490.27,94880077410,90484.7
gemma-2-2b,3,6335,lexicon,HNSW_M32_ef256,HNSWFlat,0,0,32,256,0,0.0,0.0,0.0,0.0,-5.120102,,2.852,2.528,5.049,4490.27,0.0,4490.27,94880077410,90484.7
gemma-2-2b,4,13295,lexicon,HNSW_M32_ef256,HNSWFlat,0,0,32,256,0,0.6,0.6,0.52,0.0,-0.673889,1.0,2.852,2.528,5.049,4490.27,0.0,4490.27,94880077410,90484.7
gemma-2-2b,5,6745,lexicon,HNSW_M32_ef256,HNSWFlat,0,0,32,256,0,0.3,0.3,0.26,0.0,-1.049068,1.0,2.852,2.528,5.049,4490.27,0.0,4490.27,94880077410,90484.7
gemma-2-2b,6,3447,lexicon,HNSW_M32_ef256,HNSWFlat,0,0,32,256,0,0.1,0.1,0.02,0.0,-3.852068,,2.852,2.528,5.049,4490.27,0.0,4490.27,94880077410,90484.7
gemma-2-2b,7,12342,lexicon,HNSW_M32_ef256,HNSWFlat,0,0,32,256,0,0.0,0.0,0.14,0.0,-1.368523,0.2571,2.852,2.528,5.049,4490.27,0.0,4490.27,94880077410,90484.7
gemma-2-2b,8,6795,lexicon,HNSW_M32_ef256,HNSWFlat,0,0,32,256,0,0.0,0.0,0.09,0.0,-2.801052,1.0,2.852,2.528,5.049,4490.27,0.0,4490.27,94880077410,90484.7
gemma-2-2b,9,11221,lexicon,HNSW_M32_ef256,HNSWFlat,0,0,32,256,0,0.0,0.0,0.01,0.0,-3.734415,,2.852,2.528,5.049,4490.27,0.0,4490.27,94880077410,90484.7
gemma-2-2b,10,6980,random,HNSW_M32_ef256,HNSWFlat,0,0,32,256,0,0.8,0.8,0.67,,-0.019886,1.0,2.852,2.528,5.049,4490.27,0.0,4490.27,94880077410,90484.7
gemma-2-2b,11,14956,random,HNSW_M32_ef256,HNSWFlat,0,0,32,256,0,0.2,0.2,0.14,,-2.92032,1.0,2.852,2.528,5.049,4490.27,0.0,4490.27,94880077410,90484.7
gemma-2-2b,12,13579,random,HNSW_M32_ef256,HNSWFlat,0,0,32,256,0,0.1,0.1,0.07,,-1.614339,1.0,2.852,2.528,5.049,4490.27,0.0,4490.27,94880077410,90484.7
gemma-2-2b,13,12106,random,HNSW_M32_ef256,HNSWFlat,0,0,32,256,0,0.0,0.0,0.03,,-4.104784,1.0,2.852,2.528,5.049,4490.27,0.0,4490.27,94880077410,90484.7
gemma-2-2b,14,5969,random,HNSW_M32_ef256,HNSWFlat,0,0,32,256,0,0.0,0.0,0.0,,-21.435956,,2.852,2.528,5.049,4490.27,0.0,4490.27,94880077410,90484.7
gemma-2-2b,15,13591,random,HNSW_M32_ef256,HNSWFlat,0,0,32,256,0,0.0,0.0,0.06,,-3.624242,1.0,2.852,2.528,5.049,4490.27,0.0,4490.27,94880077410,90484.7
gemma-2-2b,16,6360,random,HNSW_M32_ef256,HNSWFlat,0,0,32,256,0,0.1,0.1,0.17,,-2.768699,1.0,2.852,2.528,5.049,4490.27,0.0,4490.27,94880077410,90484.7
gemma-2-2b,17,1418,random,HNSW_M32_ef256,HNSWFlat,0,0,32,256,0,0.0,0.0,0.0,,-7.689312,,2.852,2.528,5.049,4490.27,0.0,4490.27,94880077410,90484.7
gemma-2-2b,18,2606,random,HNSW_M32_ef256,HNSWFlat,0,0,32,256,0,0.0,0.0,0.01,,-12.904535,,2.852,2.528,5.049,4490.27,0.0,4490.27,94880077410,90484.7
gemma-2-2b,19,7712,random,HNSW_M32_ef256,HNSWFlat,0,0,32,256,0,0.0,0.0,0.12,,-1.080197,0.993,2.852,2.528,5.049,4490.27,0.0,4490.27,94880077410,90484.7
